-- phpMyAdmin SQL Dump
-- version 4.7.0
-- https://www.phpmyadmin.net/
--
-- Host: 127.0.0.1
-- Generation Time: Jun 21, 2018 at 11:47 PM
-- Server version: 10.1.25-MariaDB
-- PHP Version: 7.1.7

SET SQL_MODE = "NO_AUTO_VALUE_ON_ZERO";
SET AUTOCOMMIT = 0;
START TRANSACTION;
SET time_zone = "+00:00";


/*!40101 SET @OLD_CHARACTER_SET_CLIENT=@@CHARACTER_SET_CLIENT */;
/*!40101 SET @OLD_CHARACTER_SET_RESULTS=@@CHARACTER_SET_RESULTS */;
/*!40101 SET @OLD_COLLATION_CONNECTION=@@COLLATION_CONNECTION */;
/*!40101 SET NAMES utf8mb4 */;

--
-- Database: `lecciones_aprendidas`
--

-- --------------------------------------------------------

--
-- Table structure for table `accidente`
--

CREATE TABLE `accidente` (
  `idaccidente` int(11) NOT NULL,
  `idlinea` int(11) NOT NULL,
  `fecha` date NOT NULL,
  `idtipo` int(11) NOT NULL,
  `numero` int(11) NOT NULL,
  `idlesion` int(11) NOT NULL,
  `idprincipio` int(11) NOT NULL,
  `accion1` varchar(500) COLLATE utf8mb4_bin NOT NULL,
  `accion2` varchar(500) COLLATE utf8mb4_bin DEFAULT NULL,
  `accion3` varchar(500) COLLATE utf8mb4_bin DEFAULT NULL,
  `descripcion` varchar(1000) COLLATE utf8mb4_bin NOT NULL,
  `img1` varchar(500) COLLATE utf8mb4_bin NOT NULL,
  `img2` varchar(500) COLLATE utf8mb4_bin NOT NULL,
  `leccion` varchar(500) COLLATE utf8mb4_bin DEFAULT NULL,
  `raiz1` varchar(500) COLLATE utf8mb4_bin NOT NULL,
  `correctiva1` varchar(500) COLLATE utf8mb4_bin NOT NULL,
  `tipo2` int(11) NOT NULL,
  `raiz2` varchar(500) COLLATE utf8mb4_bin NOT NULL,
  `correctiva2` varchar(500) COLLATE utf8mb4_bin NOT NULL,
  `tipo3` int(11) DEFAULT NULL,
  `raiz3` varchar(500) COLLATE utf8mb4_bin DEFAULT NULL,
  `correctiva3` varchar(500) COLLATE utf8mb4_bin DEFAULT NULL,
  `tipo4` int(11) DEFAULT NULL,
  `raiz4` varchar(500) COLLATE utf8mb4_bin DEFAULT NULL,
  `correctiva4` varchar(500) COLLATE utf8mb4_bin DEFAULT NULL,
  `comprobado` tinyint(1) NOT NULL,
  `borrador` int(11) NOT NULL
) ENGINE=InnoDB DEFAULT CHARSET=utf8mb4 COLLATE=utf8mb4_bin;

--
-- Dumping data for table `accidente`
--

INSERT INTO `accidente` (`idaccidente`, `idlinea`, `fecha`, `idtipo`, `numero`, `idlesion`, `idprincipio`, `accion1`, `accion2`, `accion3`, `descripcion`, `img1`, `img2`, `leccion`, `raiz1`, `correctiva1`, `tipo2`, `raiz2`, `correctiva2`, `tipo3`, `raiz3`, `correctiva3`, `tipo4`, `raiz4`, `correctiva4`, `comprobado`, `borrador`) VALUES
(76, 99, '2018-01-21', 1, 1, 3, 2, 'Informar a trabajadores del incidente para prestar atención en esa operación.', '', '', 'Operador de Línea 779 queda con el dedo pulgar de la mano izquierda atrapado entre el rotor y el estator provocando contusión.	\r\n', '../../img/2018/accidentes/acc1.jpg', '../../img/2018/lugares/lug1.jpg', 'Revisar en otras líneas condiciones similares.  / Implementar en nuevos diseños.	', 'El dedo se encuentra muy cerca de la operación de prensado.', 'Botón de accionamiento para permitir ensamble libre.', 1, 'No existe dispositivo de seguridad en la maquina que mantenga alejada la otra mano del operador.', 'Actualizar análisis de riesgo de la linea 779.', 0, '', '', 0, '', '', 1, 0),
(77, 58, '2018-02-22', 1, 2, 5, 2, 'Los trabajadores fueron atendidos en el servicio médico en la planta de Bosch Toluca.', '', '', 'En una asignación de trabajo a otra planta satélite de Bosch, un automóvil golpea por la parte trasera al carro donde viajaban los colaboradores Bosch. ', '../../img/2018/accidentes/no disponible.jpg', '../../img/2018/lugares/no disponible.jpg', 'Seguir medidas de seguridad especificas en los viajes de comisión de trabajo.', 'No se revisan condiciones de seguridad delos vehículos que se utilizan para los viajes de asignación.', 'Generar check list de revision de carros pool mensual con frecuencia de auditoria trimestral y dárselo a personal encargado de carros pool.', 1, 'No se cuentan con medidas de seguridad para los viajes de comisión.', 'Auditar a las Empresas proveedoras de servicio de arrendamiento de vehículos.', 1, 'No se cuentan con medidas de seguridad para los viajes de comisión.', 'Dar a conocer medidas de seguridad para los viajes de asignación a otras plantas Bosch.', 0, '', '', 1, 0),
(78, 118, '2018-03-13', 1, 3, 3, 2, 'Revisar el modo de falla de la máquina y corregirlo.', 'Reportar siguientes fallas por atoramiento para determinar la forma más segura de retirarlas. ', '', 'El operador restablecía una maquina soldadora para retirar una válvula atorada en un nicho, el operador tenía la mano entre el nicho y la válvula y al mismo tiempo presiono el botón del panel de control para bajar un cilindro de manera manual lo que ocasionó el aplastamiento de su dedo.   \r\n', '../../img/2018/accidentes/acc3.jpg', '../../img/2018/lugares/lug3.jpg', 'Considerar en TF-4.3.1b identificación de peligros y evaluación de riesgos la actividad.', 'Ajustador no sabe operar la máquina en modo manual.', 'Capacitar al personal ajustador en Bloqueo / candadeo y ajustes de servicio menor como restablecimientos de fallas.', 3, 'Falla en el sensor de la máquina.', 'Reparar el sensor de la máquina.', 1, 'No se consideraba en el análisis de riesgo la falla de la maquina.', 'Como control operacional en análisis de riesgos se debe definir que los modos de falla solo pueden ser restablecidos por personal de mantenimiento, las actividades de team leader y ajustadores deben quedar establecidas claramente.', 0, '', '', 1, 0),
(79, 282, '2018-03-20', 1, 4, 10, 2, 'Comunicación del accidente y reglas al subir y bajar escaleras.', ' Revisar las condiciones de las escaleras, pasamanos, antiderrapantes ver si está documentado en SAP en TIP_Notificación para que FCM lo realice.', '', 'Al bajar las escaleras tomada del barandal con la mano derecha y con la otra mano su computadora, al no pisar bien el escalón resbala. \r\n', '../../img/2018/accidentes/no disponible.jpg', '../../img/2018/lugares/no disponible.jpg', 'Compartir lección aprendida del incidente para reforzar los posibles riesgos en TlP.\r\n', 'No sujetarse correctamente del pasamanos, ni pisar bien el escalón.', 'Reforzar capacitación al personal en matriz de identificación de peligros y evaluación de riesgos en el área.', 1, 'No tener precaución al descender de las escaleras, ademas del riesgo de uso de zapatillas.', 'Desplegar en la planta información de consciencia al hacer uso de las escaleras.', 3, 'No sujetarse correctamente del pasamanos, ni pisar bien el escalón.', 'Revisar tipo de letrero, ubicación/ de que al bajar escaleras usen pasamanos.', 0, '', '', 1, 0),
(80, 286, '2018-03-27', 1, 5, 14, 2, 'Bloqueo de máquina hasta que la modificación sea implementada. ', 'Aplicación de sanciones de acuerdo a la regulación por modificar las guardas. ', 'Problem solving  para establecer acciones para eliminar la ocurrencia.', 'Operador en estación 1030 (Robot) introduce mano izquierda hacia cabina de (Robot) por salida de pallet, accesible por modificación de guarda fija a guarda abatible.\r\nEl operador decide ingresar la mano por este acceso en lugar de realizar el reseteo normal, y abrir las puertas frontales.', '../../img/2018/accidentes/acc5.jpg', '../../img/2018/lugares/lug5.jpg', 'Seguir los procedimientos de seguridad para la modificación de maquinaria / Ningún dispositivo de la máquina puede ser removido o modificado sin autorización de HSE.\r\n.', 'No se realizo evaluación de riesgo para el cambio de tipo de una guarda.', 'Aplicar workON liberación de modificaciones de máquina.', 3, 'Falta de validación de aplicación de diagrama de escalamiento', 'Aplicar y evaluar principio 2 y 9 de 14Q para 2y 3 Nivel2.-Establecer rol y responsabilidades sobre manipulación de máquinas.', 1, 'No hay plan de entrenamiento para Ing. Procesos sobre seguridad en maquinaria.', 'Asegurar que personal reciba capacitación básica de acuerdo a puesto,entrenamiento en base a TP-259 y seguridad funcional.', 1, 'No hay un rol y responsabilidades especificas para la manipulación de máquinas en las diferentes funciones.', 'Validar y aprobar Descripción de Puesto y Matriz de habilidades.Alinear descripción de puesto en base a capacitaciones técnicas.', 1, 0),
(81, 63, '2018-06-12', 2, 18, 14, 2, 'Retirar el cúter y solicitar sancion para el colaborador.', '', '', ' Un colaborador hacia uso de una navaja no autorizada para abrir una caja, el corte lo realizó en sentido del cuerpo, al finalizar el corte debido a la fuerza la navaja le alcanzo a cortar el antebrazo. ', '../../img/2018/accidentes/inc ciuter lesion.jpg', '../../img/2018/lugares/inc ciuter navaja.jpg', 'No utilizar herramientas modificadas, rotas, desgastadas o no autorizadas para realizar las tareas, tener el entrenamiento para poder hacer uso de herramientas peligrosas.Para evaluar el tipo de herramienta de corte en tu operación debes contactar a Karen Vargas Ext. (3980)Recuerda aplicar las acciones correctivas también en tu área. ', 'Los trabajadores no están capacitados en el manejo seguro de cúter.', 'Revisar todas las actividades donde se utilice cúter y solicitar entrenamiento con HRL para colaboradores.', 1, 'La PQI no incluye todas las actividades de la operación.', 'Revisar que la PQI incluya todas las actividades de la operación, si no es así modificar PQI.', 1, 'Colaboradores utilizan herramientas no autorizadas y modificadas, con puntos riesgos.', 'Revisar que en todas la áreas no existan herramientas no autorizadas o que generen riesgos, si se detectan, retirarlas y concienciar al personal.', 0, '', '', 1, 0);

-- --------------------------------------------------------

--
-- Table structure for table `area`
--

CREATE TABLE `area` (
  `idarea` int(11) NOT NULL,
  `area` varchar(50) NOT NULL,
  `fechav2018` int(11) NOT NULL
) ENGINE=InnoDB DEFAULT CHARSET=latin1;

--
-- Dumping data for table `area`
--

INSERT INTO `area` (`idarea`, `area`, `fechav2018`) VALUES
(2, 'MSE-FS-LPS', 93),
(3, 'MSE-WS', 114),
(4, 'MSE-CA', 173),
(5, 'MSE-TS', 95),
(6, 'MSE-TC', 45),
(8, 'EVR / ESM', 50),
(9, 'QMM', 25),
(10, 'TEF', 10),
(11, 'ATMO', 35),
(12, 'FCM', 75),
(13, 'HSE', 29),
(14, 'PRS', 50),
(15, 'BPS', 5),
(16, 'ENG', 10),
(17, 'CTG', 5),
(18, 'RBMX', 5),
(19, 'HRL', 25),
(20, 'VP', 0),
(21, 'MSE-PA', 19),
(22, 'LOP LOW', 5);

-- --------------------------------------------------------

--
-- Table structure for table `evaluacion`
--

CREATE TABLE `evaluacion` (
  `idevaluacion` int(11) NOT NULL,
  `idsam` int(11) NOT NULL,
  `idaccidente` int(11) NOT NULL,
  `evaluacion` int(11) NOT NULL
) ENGINE=InnoDB DEFAULT CHARSET=utf8mb4 COLLATE=utf8mb4_bin;

--
-- Dumping data for table `evaluacion`
--

INSERT INTO `evaluacion` (`idevaluacion`, `idsam`, `idaccidente`, `evaluacion`) VALUES
(1, 303, 76, 1),
(2, 304, 76, 1),
(3, 305, 76, 3),
(4, 306, 76, 0),
(5, 307, 76, 6),
(6, 308, 76, 0),
(7, 309, 76, 0),
(8, 310, 76, 0),
(9, 311, 76, 6),
(10, 312, 76, 0),
(11, 313, 76, 9),
(12, 314, 76, 6),
(13, 315, 76, 0),
(14, 316, 76, 6),
(15, 317, 76, 0),
(16, 318, 76, 0),
(17, 319, 76, 2),
(18, 320, 76, 9),
(19, 321, 76, 9),
(20, 322, 76, 3),
(21, 323, 76, 6),
(22, 303, 77, 0),
(23, 304, 77, 0),
(24, 305, 77, 0),
(25, 306, 77, 0),
(26, 307, 77, 0),
(27, 308, 77, 0),
(28, 309, 77, 0),
(29, 310, 77, 0),
(30, 311, 77, 0),
(31, 312, 77, 0),
(32, 313, 77, 0),
(33, 314, 77, 0),
(34, 315, 77, 0),
(35, 316, 77, 0),
(36, 317, 77, 0),
(37, 318, 77, 0),
(38, 319, 77, 0),
(39, 320, 77, 0),
(40, 321, 77, 0),
(41, 322, 77, 2),
(42, 323, 77, 0),
(169, 303, 78, 0),
(170, 304, 78, 0),
(171, 305, 78, 0),
(172, 306, 78, 0),
(173, 307, 78, 0),
(174, 308, 78, 0),
(175, 309, 78, 0),
(176, 310, 78, 0),
(177, 311, 78, 0),
(178, 312, 78, 0),
(179, 313, 78, 0),
(180, 314, 78, 0),
(181, 315, 78, 0),
(182, 316, 78, 0),
(183, 317, 78, 0),
(184, 318, 78, 0),
(185, 319, 78, 0),
(186, 320, 78, 0),
(187, 321, 78, 0),
(188, 322, 78, 0),
(189, 323, 78, 0),
(190, 237, 76, 0),
(191, 238, 76, 0),
(192, 239, 76, 0),
(193, 240, 76, 0),
(194, 241, 76, 0),
(195, 242, 76, 0),
(196, 243, 76, 0),
(197, 244, 76, 0),
(198, 245, 76, 0),
(199, 246, 76, 0),
(200, 1363, 76, 0),
(201, 1364, 76, 0),
(202, 1365, 76, 0),
(203, 1366, 76, 0),
(204, 1367, 76, 0),
(205, 1368, 76, 0),
(206, 1369, 76, 0),
(207, 1370, 76, 0),
(208, 1371, 76, 0),
(209, 1372, 76, 0),
(210, 1373, 76, 0),
(211, 1374, 76, 0),
(212, 1375, 76, 0),
(213, 1376, 76, 0),
(214, 1377, 76, 0),
(215, 1378, 76, 0),
(216, 1363, 77, 0),
(217, 1364, 77, 0),
(218, 1365, 77, 0),
(219, 1366, 77, 0),
(220, 1367, 77, 0),
(221, 1368, 77, 0),
(222, 1369, 77, 0),
(223, 1370, 77, 0),
(224, 1371, 77, 0),
(225, 1372, 77, 0),
(226, 1373, 77, 0),
(227, 1374, 77, 0),
(228, 1375, 77, 0),
(229, 1376, 77, 0),
(230, 1377, 77, 0),
(231, 1378, 77, 0),
(232, 303, 79, 0),
(233, 304, 79, 0),
(234, 305, 79, 0),
(235, 306, 79, 0),
(236, 307, 79, 0),
(237, 308, 79, 0),
(238, 309, 79, 0),
(239, 310, 79, 0),
(240, 311, 79, 0),
(241, 312, 79, 0),
(242, 313, 79, 0),
(243, 314, 79, 0),
(244, 315, 79, 0),
(245, 316, 79, 0),
(246, 317, 79, 0),
(247, 318, 79, 0),
(248, 319, 79, 0),
(249, 320, 79, 0),
(250, 321, 79, 0),
(251, 322, 79, 0),
(252, 323, 79, 0),
(253, 324, 76, 0),
(254, 325, 76, 0),
(255, 326, 76, 0),
(256, 327, 76, 0),
(257, 328, 76, 0),
(258, 329, 76, 0),
(259, 330, 76, 0),
(260, 331, 76, 0),
(261, 332, 76, 0),
(262, 333, 76, 0),
(263, 334, 76, 0),
(264, 335, 76, 0),
(265, 336, 76, 0),
(266, 337, 76, 0),
(267, 338, 76, 0),
(268, 339, 76, 0),
(269, 340, 76, 0),
(270, 341, 76, 0),
(271, 342, 76, 0),
(272, 343, 76, 0),
(273, 344, 76, 0),
(274, 345, 76, 0),
(275, 324, 77, 0),
(276, 325, 77, 0),
(277, 326, 77, 0),
(278, 327, 77, 0),
(279, 328, 77, 0),
(280, 329, 77, 0),
(281, 330, 77, 0),
(282, 331, 77, 0),
(283, 332, 77, 0),
(284, 333, 77, 0),
(285, 334, 77, 0),
(286, 335, 77, 0),
(287, 336, 77, 0),
(288, 337, 77, 0),
(289, 338, 77, 0),
(290, 339, 77, 0),
(291, 340, 77, 0),
(292, 341, 77, 0),
(293, 342, 77, 0),
(294, 343, 77, 0),
(295, 344, 77, 0),
(296, 345, 77, 0),
(297, 324, 78, 0),
(298, 325, 78, 0),
(299, 326, 78, 0),
(300, 327, 78, 0),
(301, 328, 78, 0),
(302, 329, 78, 0),
(303, 330, 78, 0),
(304, 331, 78, 0),
(305, 332, 78, 0),
(306, 333, 78, 0),
(307, 334, 78, 0),
(308, 335, 78, 0),
(309, 336, 78, 0),
(310, 337, 78, 0),
(311, 338, 78, 0),
(312, 339, 78, 0),
(313, 340, 78, 0),
(314, 341, 78, 0),
(315, 342, 78, 0),
(316, 343, 78, 0),
(317, 344, 78, 0),
(318, 345, 78, 0),
(319, 324, 79, 0),
(320, 325, 79, 0),
(321, 326, 79, 0),
(322, 327, 79, 0),
(323, 328, 79, 0),
(324, 329, 79, 0),
(325, 330, 79, 0),
(326, 331, 79, 0),
(327, 332, 79, 0),
(328, 333, 79, 0),
(329, 334, 79, 0),
(330, 335, 79, 0),
(331, 336, 79, 0),
(332, 337, 79, 0),
(333, 338, 79, 0),
(334, 339, 79, 0),
(335, 340, 79, 0),
(336, 341, 79, 0),
(337, 342, 79, 0),
(338, 343, 79, 0),
(339, 344, 79, 0),
(340, 345, 79, 0),
(341, 303, 80, 0),
(342, 304, 80, 0),
(343, 305, 80, 0),
(344, 306, 80, 0),
(345, 307, 80, 0),
(346, 308, 80, 0),
(347, 309, 80, 0),
(348, 310, 80, 0),
(349, 311, 80, 0),
(350, 312, 80, 0),
(351, 313, 80, 0),
(352, 314, 80, 0),
(353, 315, 80, 0),
(354, 316, 80, 0),
(355, 317, 80, 0),
(356, 318, 80, 0),
(357, 319, 80, 0),
(358, 320, 80, 0),
(359, 321, 80, 0),
(360, 322, 80, 0),
(361, 323, 80, 0),
(362, 511, 76, 0),
(363, 512, 76, 0),
(364, 513, 76, 0),
(365, 514, 76, 0),
(366, 515, 76, 0),
(367, 516, 76, 0),
(368, 517, 76, 0),
(369, 518, 76, 0),
(370, 519, 76, 0),
(371, 520, 76, 0),
(372, 521, 76, 0),
(373, 522, 76, 0),
(374, 523, 76, 0),
(375, 524, 76, 0),
(376, 525, 76, 0),
(377, 526, 76, 0),
(378, 527, 76, 0),
(379, 528, 76, 0),
(380, 529, 76, 0),
(381, 530, 76, 0),
(382, 531, 76, 0),
(383, 532, 76, 0),
(384, 1661, 76, 0),
(385, 1696, 76, 0),
(386, 1697, 76, 0),
(387, 1698, 76, 0),
(388, 1699, 76, 0),
(389, 1700, 76, 0),
(390, 1701, 76, 0),
(391, 1702, 76, 0),
(392, 1703, 76, 0),
(393, 1661, 77, 0),
(394, 1696, 77, 0),
(395, 1697, 77, 3),
(396, 1698, 77, 0),
(397, 1699, 77, 0),
(398, 1700, 77, 0),
(399, 1701, 77, 0),
(400, 1702, 77, 0),
(401, 1703, 77, 0),
(402, 1704, 77, 0),
(403, 1705, 77, 0),
(404, 1706, 77, 0),
(405, 1707, 77, 0),
(406, 1708, 77, 0),
(407, 1709, 77, 0),
(408, 1710, 77, 0),
(409, 1711, 77, 0),
(410, 1712, 77, 0),
(411, 1713, 77, 0),
(412, 1714, 77, 0),
(413, 1715, 77, 0),
(414, 1716, 77, 0),
(415, 1717, 77, 0),
(416, 1718, 77, 0),
(417, 1719, 77, 0),
(418, 1720, 77, 0),
(419, 1721, 77, 0),
(420, 1722, 77, 0),
(421, 1723, 77, 0),
(422, 1724, 77, 0),
(423, 1725, 77, 0),
(424, 1726, 77, 0),
(425, 1727, 77, 0),
(426, 1728, 77, 0),
(427, 1729, 77, 0),
(428, 1730, 77, 0),
(429, 1731, 77, 0),
(430, 1732, 77, 0),
(431, 1733, 77, 0),
(432, 1734, 77, 0),
(433, 1735, 77, 0),
(434, 1736, 77, 0),
(435, 1737, 77, 0),
(436, 1738, 77, 0),
(437, 1739, 77, 0),
(438, 1740, 77, 0),
(439, 1741, 77, 0),
(440, 1742, 77, 0),
(441, 1743, 77, 0),
(442, 1744, 77, 0),
(443, 1745, 77, 0),
(444, 1746, 77, 0),
(445, 1747, 77, 0),
(446, 1748, 77, 0),
(447, 1749, 77, 0),
(448, 1750, 77, 0),
(449, 1751, 77, 0),
(450, 1752, 77, 0),
(451, 1753, 77, 0),
(452, 1754, 77, 0),
(453, 1755, 77, 0),
(454, 1756, 77, 0),
(455, 1757, 77, 0),
(456, 1661, 78, 0),
(457, 1696, 78, 0),
(458, 1697, 78, 0),
(459, 1698, 78, 0),
(460, 1699, 78, 4),
(461, 1700, 78, 0),
(462, 1701, 78, 0),
(463, 1702, 78, 0),
(464, 1703, 78, 0),
(465, 1704, 78, 0),
(466, 1705, 78, 0),
(467, 1706, 78, 0),
(468, 1707, 78, 0),
(469, 1708, 78, 0),
(470, 1709, 78, 0),
(471, 1710, 78, 0),
(472, 1711, 78, 0),
(473, 1712, 78, 0),
(474, 1713, 78, 0),
(475, 1714, 78, 0),
(476, 1715, 78, 0),
(477, 1716, 78, 0),
(478, 1717, 78, 0),
(479, 1718, 78, 0),
(480, 1719, 78, 0),
(481, 1720, 78, 0),
(482, 1721, 78, 0),
(483, 1722, 78, 0),
(484, 1723, 78, 0),
(485, 1724, 78, 0),
(486, 1725, 78, 0),
(487, 1726, 78, 0),
(488, 1727, 78, 0),
(489, 1728, 78, 0),
(490, 1729, 78, 0),
(491, 1730, 78, 0),
(492, 1731, 78, 0),
(493, 1732, 78, 0),
(494, 1733, 78, 0),
(495, 1734, 78, 0),
(496, 1735, 78, 0),
(497, 1736, 78, 0),
(498, 1737, 78, 0),
(499, 1738, 78, 0),
(500, 1739, 78, 0),
(501, 1740, 78, 0),
(502, 1741, 78, 0),
(503, 1742, 78, 0),
(504, 1743, 78, 0),
(505, 1744, 78, 0),
(506, 1745, 78, 0),
(507, 1746, 78, 0),
(508, 1747, 78, 0),
(509, 1748, 78, 0),
(510, 1749, 78, 0),
(511, 1750, 78, 0),
(512, 1751, 78, 0),
(513, 1752, 78, 0),
(514, 1753, 78, 0),
(515, 1754, 78, 0),
(516, 1755, 78, 0),
(517, 1756, 78, 0),
(518, 1757, 78, 0),
(519, 1661, 79, 0),
(520, 1696, 79, 0),
(521, 1697, 79, 0),
(522, 1698, 79, 0),
(523, 1699, 79, 0),
(524, 1700, 79, 0),
(525, 1701, 79, 0),
(526, 1702, 79, 0),
(527, 1703, 79, 0),
(528, 1704, 79, 0),
(529, 1705, 79, 0),
(530, 1706, 79, 0),
(531, 1707, 79, 0),
(532, 1708, 79, 0),
(533, 1709, 79, 0),
(534, 1710, 79, 0),
(535, 1711, 79, 0),
(536, 1712, 79, 0),
(537, 1713, 79, 0),
(538, 1714, 79, 0),
(539, 1715, 79, 0),
(540, 1716, 79, 0),
(541, 1717, 79, 0),
(542, 1718, 79, 0),
(543, 1719, 79, 0),
(544, 1720, 79, 0),
(545, 1721, 79, 0),
(546, 1722, 79, 0),
(547, 1723, 79, 0),
(548, 1724, 79, 0),
(549, 1725, 79, 0),
(550, 1726, 79, 0),
(551, 1727, 79, 0),
(552, 1728, 79, 0),
(553, 1729, 79, 0),
(554, 1730, 79, 0),
(555, 1731, 79, 0),
(556, 1732, 79, 0),
(557, 1733, 79, 0),
(558, 1734, 79, 0),
(559, 1735, 79, 0),
(560, 1736, 79, 0),
(561, 1737, 79, 0),
(562, 1738, 79, 0),
(563, 1739, 79, 0),
(564, 1740, 79, 0),
(565, 1741, 79, 0),
(566, 1742, 79, 0),
(567, 1743, 79, 0),
(568, 1744, 79, 0),
(569, 1745, 79, 0),
(570, 1746, 79, 0),
(571, 1747, 79, 0),
(572, 1748, 79, 0),
(573, 1749, 79, 0),
(574, 1750, 79, 0),
(575, 1751, 79, 0),
(576, 1752, 79, 0),
(577, 1753, 79, 0),
(578, 1754, 79, 0),
(579, 1755, 79, 0),
(580, 1756, 79, 0),
(581, 1757, 79, 0),
(582, 1661, 80, 0),
(583, 1696, 80, 0),
(584, 1697, 80, 0),
(585, 1698, 80, 0),
(586, 1699, 80, 0),
(587, 1700, 80, 0),
(588, 1701, 80, 0),
(589, 1702, 80, 0),
(590, 1703, 80, 0),
(591, 1704, 80, 0),
(592, 1705, 80, 0),
(593, 1706, 80, 0),
(594, 1707, 80, 0),
(595, 1708, 80, 0),
(596, 1709, 80, 0),
(597, 1710, 80, 0),
(598, 1711, 80, 0),
(599, 1712, 80, 0),
(600, 1713, 80, 0),
(601, 1714, 80, 0),
(602, 1715, 80, 0),
(603, 1716, 80, 0),
(604, 1717, 80, 0),
(605, 1718, 80, 0),
(606, 1719, 80, 0),
(607, 1720, 80, 0),
(608, 1721, 80, 0),
(609, 1722, 80, 0),
(610, 1723, 80, 0),
(611, 1724, 80, 0),
(612, 1725, 80, 0),
(613, 1726, 80, 0),
(614, 1727, 80, 0),
(615, 1728, 80, 0),
(616, 1729, 80, 0),
(617, 1730, 80, 0),
(618, 1731, 80, 0),
(619, 1732, 80, 0),
(620, 1733, 80, 0),
(621, 1734, 80, 0),
(622, 1735, 80, 0),
(623, 1736, 80, 0),
(624, 1737, 80, 0),
(625, 1738, 80, 0),
(626, 1739, 80, 0),
(627, 1740, 80, 0),
(628, 1741, 80, 0),
(629, 1742, 80, 0),
(630, 1743, 80, 0),
(631, 1744, 80, 0),
(632, 1745, 80, 0),
(633, 1746, 80, 0),
(634, 1747, 80, 0),
(635, 1748, 80, 0),
(636, 1749, 80, 0),
(637, 1750, 80, 0),
(638, 1751, 80, 0),
(639, 1752, 80, 0),
(640, 1753, 80, 0),
(641, 1754, 80, 0),
(642, 1755, 80, 0),
(643, 1756, 80, 0),
(644, 1757, 80, 0),
(645, 1661, 81, 0),
(646, 1696, 81, 0),
(647, 1697, 81, 0),
(648, 1698, 81, 0),
(649, 1699, 81, 0),
(650, 1700, 81, 0),
(651, 1701, 81, 0),
(652, 1702, 81, 0),
(653, 1703, 81, 0),
(654, 1704, 81, 0),
(655, 1705, 81, 0),
(656, 1706, 81, 0),
(657, 1707, 81, 0),
(658, 1708, 81, 0),
(659, 1709, 81, 0),
(660, 1710, 81, 0),
(661, 1711, 81, 0),
(662, 1712, 81, 0),
(663, 1713, 81, 0),
(664, 1714, 81, 0),
(665, 1715, 81, 0),
(666, 1716, 81, 0),
(667, 1717, 81, 0),
(668, 1718, 81, 0),
(669, 1719, 81, 0),
(670, 1720, 81, 0),
(671, 1721, 81, 0),
(672, 1722, 81, 0),
(673, 1723, 81, 0),
(674, 1724, 81, 0),
(675, 1725, 81, 0),
(676, 1726, 81, 0),
(677, 1727, 81, 0),
(678, 1728, 81, 0),
(679, 1729, 81, 0),
(680, 1730, 81, 0),
(681, 1731, 81, 0),
(682, 1732, 81, 0),
(683, 1733, 81, 0),
(684, 1734, 81, 0),
(685, 1735, 81, 0),
(686, 1736, 81, 0),
(687, 1737, 81, 0),
(688, 1738, 81, 0),
(689, 1739, 81, 0),
(690, 1740, 81, 0),
(691, 1741, 81, 0),
(692, 1742, 81, 0),
(693, 1743, 81, 0),
(694, 1744, 81, 0),
(695, 1745, 81, 0),
(696, 1746, 81, 0),
(697, 1747, 81, 0),
(698, 1748, 81, 0),
(699, 1749, 81, 0),
(700, 1750, 81, 0),
(701, 1751, 81, 0),
(702, 1752, 81, 0),
(703, 1753, 81, 0),
(704, 1754, 81, 0),
(705, 1755, 81, 0),
(706, 1756, 81, 0),
(707, 1757, 81, 0),
(708, 2039, 76, 0),
(709, 2039, 77, 0);

-- --------------------------------------------------------

--
-- Table structure for table `lesiones`
--

CREATE TABLE `lesiones` (
  `idlesiones` int(11) NOT NULL,
  `lesiones` varchar(50) CHARACTER SET utf8 COLLATE utf8_unicode_ci NOT NULL
) ENGINE=InnoDB DEFAULT CHARSET=latin1;

--
-- Dumping data for table `lesiones`
--

INSERT INTO `lesiones` (`idlesiones`, `lesiones`) VALUES
(1, 'Caida'),
(2, 'Contusion '),
(3, 'Atrapamiento'),
(4, 'Contusion/herida'),
(5, 'Esguince cervical'),
(6, 'Esguince de dedo'),
(7, 'Esguince de hombro'),
(8, 'Esguince de mano'),
(9, 'Esguince de rodilla'),
(10, 'Esguince de tobillo'),
(11, 'Eversion'),
(12, 'Fractura'),
(13, 'Golpe'),
(14, 'Herida cortante'),
(15, 'Aplastamiento'),
(16, 'Heridas'),
(17, 'Lumbalgia'),
(18, 'Musculo esqueletico'),
(19, 'Lesion en los ojos'),
(20, 'Quemadura'),
(21, 'Contractura en rodilla'),
(22, 'Fractura de falange');

-- --------------------------------------------------------

--
-- Table structure for table `linea`
--

CREATE TABLE `linea` (
  `idlinea` int(11) NOT NULL,
  `linea` varchar(50) CHARACTER SET latin1 NOT NULL,
  `idarea` int(11) NOT NULL,
  `sam` tinyint(1) NOT NULL,
  `acc2018` int(11) NOT NULL,
  `acp2018` int(11) NOT NULL
) ENGINE=InnoDB DEFAULT CHARSET=utf8mb4 COLLATE=utf8mb4_bin;

--
-- Dumping data for table `linea`
--

INSERT INTO `linea` (`idlinea`, `linea`, `idarea`, `sam`, `acc2018`, `acp2018`) VALUES
(3, 'L-639', 4, 1, 0, 0),
(14, 'L-753', 2, 1, 0, 0),
(15, 'L-760', 2, 1, 0, 1),
(16, 'L-756', 2, 1, 0, 0),
(17, 'L-751', 2, 1, 0, 0),
(18, 'L-752', 2, 1, 0, 0),
(19, 'L-754', 2, 1, 0, 0),
(20, 'L-755', 2, 1, 0, 0),
(21, 'L-757', 2, 1, 0, 0),
(22, 'L-768', 2, 1, 0, 0),
(23, 'L-762', 2, 1, 0, 0),
(24, 'L-759', 2, 1, 0, 0),
(25, 'L-917', 2, 1, 0, 0),
(26, 'L-750', 2, 1, 0, 0),
(27, 'L-761', 2, 1, 0, 0),
(28, 'L-763', 2, 1, 4, 1),
(29, 'L-765', 2, 1, 0, 0),
(30, 'L-764', 2, 1, 3, 1),
(31, 'L-767', 2, 1, 0, 0),
(32, 'L-918', 2, 1, 0, 0),
(33, 'L-766', 2, 1, 0, 0),
(34, 'Otros', 2, 0, 0, 0),
(35, 'L-073', 3, 1, 0, 0),
(36, 'L-074', 3, 1, 0, 0),
(37, 'L-076', 3, 1, 0, 0),
(38, 'L-078', 3, 1, 0, 0),
(39, 'L-000', 3, 1, 0, 0),
(40, 'L-070', 3, 1, 0, 0),
(41, 'L-071', 3, 1, 0, 0),
(42, 'L-030', 3, 1, 0, 0),
(43, 'L-041', 3, 1, 0, 0),
(44, 'L-012', 3, 1, 0, 0),
(45, 'L-015', 3, 1, 0, 0),
(46, 'L-007', 3, 1, 0, 0),
(47, 'L-019', 3, 1, 0, 0),
(48, 'L-020', 3, 1, 0, 0),
(49, 'L-072', 3, 1, 0, 0),
(50, 'L-465', 3, 1, 0, 0),
(51, 'L-464', 3, 1, 0, 0),
(52, 'L-060', 3, 1, 1, 1),
(53, 'L-055', 3, 1, 0, 0),
(54, 'L-611', 3, 1, 0, 0),
(55, 'L-082', 3, 1, 0, 0),
(56, 'L-080', 3, 1, 0, 0),
(57, 'L-056', 3, 1, 0, 0),
(58, 'Otros', 3, 0, 0, 0),
(59, 'L-002', 4, 1, 3, 3),
(60, 'L-003', 4, 1, 0, 0),
(61, 'L-008', 4, 1, 0, 0),
(62, 'L-009', 4, 1, 0, 0),
(63, 'L-013', 4, 1, 0, 0),
(64, 'L-014', 4, 1, 0, 0),
(65, 'L-410', 4, 1, 0, 0),
(66, 'L-411', 4, 1, 0, 0),
(67, 'L-006', 4, 1, 0, 0),
(68, 'L-010', 4, 1, 0, 0),
(69, 'L-011', 4, 1, 0, 0),
(70, 'L-017', 4, 1, 0, 0),
(71, 'L-018', 4, 1, 0, 0),
(72, 'L-419', 4, 1, 0, 0),
(73, 'L-420', 4, 1, 0, 0),
(74, 'L-418', 4, 1, 0, 0),
(75, 'L-421', 4, 1, 0, 0),
(76, 'L-123', 4, 1, 0, 0),
(77, 'L-249', 4, 1, 0, 0),
(78, 'L-176', 4, 1, 0, 0),
(82, 'L-016', 4, 1, 0, 0),
(83, 'L-021', 4, 1, 0, 0),
(84, 'L-408', 4, 1, 0, 0),
(85, 'L-366', 4, 1, 0, 0),
(86, 'L-185', 4, 1, 0, 0),
(87, 'L-407', 4, 1, 0, 0),
(88, 'L-246-A', 4, 1, 0, 0),
(89, 'L-246-M', 4, 1, 0, 0),
(90, 'L-938', 4, 1, 0, 0),
(91, 'L-939', 4, 1, 0, 0),
(92, 'Otros', 4, 0, 0, 0),
(93, 'L-001', 5, 1, 0, 0),
(94, 'L-040', 5, 1, 0, 0),
(95, 'L-042', 5, 1, 0, 0),
(96, 'L-043', 5, 1, 0, 0),
(97, 'L-044', 5, 1, 0, 0),
(98, 'L-045', 5, 1, 0, 0),
(99, 'L-046', 5, 1, 0, 0),
(100, 'L-047', 5, 1, 0, 0),
(101, 'L-048', 5, 1, 0, 0),
(102, 'L-057', 5, 1, 0, 0),
(103, 'L-049', 5, 1, 0, 0),
(104, 'L-050', 5, 1, 0, 0),
(105, 'L-439', 5, 1, 0, 0),
(106, 'L-466', 5, 1, 0, 0),
(107, 'L-037', 5, 1, 0, 0),
(108, 'L-038', 5, 1, 0, 0),
(109, 'L-631', 5, 1, 0, 0),
(110, 'L-091', 5, 1, 0, 0),
(111, 'Otros', 5, 0, 0, 0),
(112, 'L-771', 6, 1, 0, 0),
(113, 'L-772', 6, 1, 0, 0),
(114, 'L-773', 6, 1, 0, 0),
(115, 'L-777', 6, 1, 0, 0),
(116, 'L-769', 6, 1, 0, 0),
(117, 'L-929', 6, 1, 0, 0),
(118, 'L-774', 6, 1, 0, 0),
(119, 'L-926', 6, 1, 0, 0),
(120, 'L-247', 6, 1, 0, 0),
(121, 'Otros', 6, 0, 0, 0),
(144, 'Lab Tl-103', 8, 1, 0, 0),
(145, 'Lab Tl-109', 8, 1, 0, 0),
(146, 'Lab Tl-110', 8, 1, 0, 0),
(147, 'Muestras Tl-106\r\n', 8, 1, 0, 0),
(148, 'Lab Tl-106', 8, 1, 0, 0),
(149, 'Oficina Tl-103', 8, 1, 0, 0),
(150, 'Oficina Tl-109', 8, 1, 0, 0),
(151, 'Oficina Tl-110', 8, 1, 0, 0),
(152, 'Oficinas Tl-106', 8, 1, 0, 0),
(153, 'Escaleras', 8, 0, 0, 0),
(154, 'Pasillos Interiores', 8, 0, 0, 0),
(155, 'Pasillos Exteriores', 8, 0, 0, 0),
(156, 'Fabricacion de bancos\r\n', 8, 1, 0, 0),
(157, 'Baños', 8, 0, 0, 0),
(158, 'Otros', 8, 0, 0, 0),
(159, 'LabTl-106', 9, 1, 0, 0),
(160, 'LabTl-118', 9, 1, 0, 0),
(161, 'LabTl-119 Ote', 9, 1, 0, 0),
(162, 'LabTl-119 Pte', 9, 0, 0, 0),
(163, 'LabTl-120', 9, 1, 0, 0),
(164, 'Oficinas Metrología', 9, 0, 0, 0),
(165, 'Taller Metrología', 9, 1, 0, 0),
(166, 'Oficinas', 9, 0, 0, 0),
(167, 'Baños', 9, 0, 0, 0),
(168, 'Otros', 9, 0, 0, 0),
(169, 'Pasillos Interiores', 10, 0, 0, 0),
(170, 'Pasillos Exteriores', 10, 0, 0, 0),
(171, 'Celda didáctica Tl-101', 10, 1, 0, 0),
(172, 'Oficinas Tl-101', 10, 0, 0, 0),
(173, 'Taller Tl-106', 10, 1, 0, 0),
(174, 'Oficinas', 10, 0, 0, 0),
(175, 'Baños', 10, 0, 0, 0),
(176, 'Escaleras', 10, 0, 0, 0),
(177, 'Otros', 10, 0, 0, 0),
(178, 'Taller TL-115', 11, 1, 0, 0),
(179, 'TallerTL-112', 11, 1, 0, 0),
(180, 'Escaleras', 11, 1, 0, 0),
(181, 'Pasillos Interiores', 11, 1, 0, 0),
(182, 'Pasillos Exteriores', 11, 1, 0, 0),
(183, 'Oficinas', 11, 1, 0, 0),
(184, 'Baños', 11, 1, 0, 0),
(185, 'Otros', 11, 0, 0, 0),
(186, 'Azoteas', 12, 1, 0, 0),
(187, 'Cuarto de Bombas', 12, 1, 0, 0),
(188, 'Cuartos de Maquinas', 12, 1, 0, 0),
(189, 'Mezanine Tl-119', 12, 1, 0, 0),
(190, 'Oficinas Tl-101', 12, 0, 0, 0),
(191, 'Sala de Juntas.', 12, 1, 0, 0),
(192, 'Salchichas de GAS LP ', 12, 0, 0, 0),
(193, 'SCRAP Tl-111', 12, 1, 0, 0),
(194, 'Sub Estación', 12, 1, 0, 0),
(195, 'Taller de Herrería Tl-111', 12, 1, 0, 0),
(196, 'Taller de Mtto Tl-111', 12, 1, 0, 0),
(197, 'Torres de Enfriamiento', 12, 1, 0, 0),
(198, 'Escaleras', 12, 1, 0, 0),
(199, 'Pasillos Interiores', 12, 1, 0, 0),
(200, 'Pasillos Exteriores', 12, 1, 0, 0),
(201, 'Oficinas TlP\r\n', 12, 1, 0, 0),
(202, 'Baños', 12, 1, 0, 0),
(203, 'Otros', 12, 0, 0, 0),
(204, 'Almacén de Residuos', 13, 1, 1, 1),
(205, 'Estación Bombera', 13, 1, 0, 0),
(206, 'Planta tratadora Tl-203', 13, 1, 0, 0),
(207, 'Escaleras', 13, 0, 0, 0),
(208, 'Purificadora\r\n', 13, 1, 0, 0),
(209, 'Salud Ocupacional\r\n', 13, 1, 0, 0),
(210, 'Oficinas', 13, 0, 0, 0),
(211, 'Baños Tratadora', 13, 1, 0, 0),
(212, 'Otros', 13, 0, 0, 0),
(213, 'Caseta Tl-107', 14, 1, 0, 0),
(214, 'Caseta Tl-117', 14, 1, 0, 0),
(215, 'Estacionamiento Tl-117', 14, 1, 0, 0),
(216, 'Estacionamiento Tl-201', 14, 1, 0, 0),
(217, 'Escaleras', 14, 1, 0, 0),
(218, 'Pasillos Interiores', 14, 1, 0, 0),
(219, 'Pasillos Exteriores', 14, 1, 0, 0),
(220, 'Oficinas', 14, 1, 0, 0),
(221, 'Baños', 14, 1, 0, 0),
(222, 'Otros', 14, 1, 0, 0),
(223, 'Oficinas Tl-106 Pte', 15, 0, 0, 0),
(224, 'Escaleras', 15, 0, 0, 0),
(225, 'Pasillos Interiores', 15, 1, 0, 0),
(226, 'Pasillos Exteriores', 15, 0, 0, 0),
(227, 'Oficinas', 15, 0, 0, 0),
(228, 'Baños', 15, 0, 0, 0),
(229, 'Otros', 15, 0, 0, 0),
(230, 'Oficinas Tl-101', 16, 0, 0, 0),
(231, 'Oficinas Tl-106', 16, 0, 0, 0),
(232, 'Oficinas Tl-118', 16, 0, 0, 0),
(233, 'Oficinas Tl-120', 16, 0, 0, 0),
(234, 'Oficinas Tl-106 Pte', 16, 0, 0, 0),
(235, 'Cabina antiexplosión\r\n', 16, 1, 0, 0),
(236, 'Taller de Muestras 106\r\n', 16, 1, 0, 0),
(237, 'Escaleras', 16, 0, 0, 0),
(238, 'Pasillos Interiores', 16, 0, 0, 0),
(239, 'Pasillos Exteriores', 16, 0, 0, 0),
(240, 'Oficinas', 16, 0, 0, 0),
(241, 'Baños', 16, 0, 0, 0),
(242, 'Otros', 16, 0, 0, 0),
(243, 'Oficinas Tl-100', 17, 0, 0, 0),
(244, 'Escaleras', 17, 0, 0, 0),
(245, 'Pasillos Interiores', 17, 0, 0, 0),
(246, 'Pasillos Exteriores', 17, 1, 0, 0),
(247, 'Oficinas', 17, 0, 0, 0),
(248, 'Baños', 17, 0, 0, 0),
(249, 'Otros', 17, 0, 0, 0),
(250, 'Área de Sorteadoras PQA', 18, 0, 0, 0),
(251, 'Oficinas Tl-100 CF/ACC', 18, 0, 0, 0),
(252, 'Oficinas Tl-100 CI', 18, 0, 0, 0),
(253, 'Oficinas Tl-100 ITR', 18, 0, 0, 0),
(254, 'Oficinas Tl-100 TAX', 18, 0, 0, 0),
(255, 'Oficinas Tl-112 ATMO7', 18, 0, 0, 0),
(256, 'Oficinas Tl-119 Compras', 18, 0, 0, 0),
(257, 'Taller Tl-112 ATMO7', 18, 0, 0, 0),
(258, 'Taller Tl-115 ATMO7', 18, 0, 0, 0),
(259, 'Escaleras', 18, 0, 0, 0),
(260, 'Pasillos Interiores', 18, 0, 0, 0),
(261, 'Pasillos Exteriores', 18, 0, 0, 0),
(262, 'Oficinas', 18, 1, 0, 0),
(263, 'Baños', 18, 0, 0, 0),
(264, 'Otros', 18, 0, 0, 0),
(265, 'Comedor Tl-103', 19, 1, 0, 0),
(266, 'Oficinas TGA Tl-101', 19, 1, 0, 0),
(267, 'Oficinas Tl-100', 19, 1, 0, 0),
(268, 'Salas de Capacitación', 19, 0, 0, 0),
(269, 'Taller TGA Tl-101', 19, 1, 0, 0),
(270, 'Escaleras', 19, 0, 0, 0),
(271, 'Pasillos Interiores', 19, 0, 0, 0),
(272, 'Pasillos Exteriores', 19, 0, 0, 0),
(273, 'Oficinas', 19, 0, 0, 0),
(274, 'Baños', 19, 0, 0, 0),
(275, 'Otros', 19, 1, 0, 0),
(282, 'Otros', 20, 0, 0, 0),
(283, 'L-033', 21, 1, 0, 0),
(284, 'L-034', 21, 1, 0, 0),
(285, 'L-035', 21, 1, 0, 0),
(286, 'L-413', 21, 1, 1, 0),
(287, 'Escaleras', 22, 1, 0, 0),
(288, 'L-403', 21, 0, 0, 0),
(289, 'L-083', 5, 1, 0, 0),
(290, 'L-246-M2', 4, 1, 0, 0),
(291, 'L-077', 4, 1, 0, 0),
(292, 'L-075', 4, 1, 0, 0),
(293, 'L-374', 4, 1, 0, 0);

-- --------------------------------------------------------

--
-- Table structure for table `permisos`
--

CREATE TABLE `permisos` (
  `idpermiso` int(11) NOT NULL,
  `permiso` varchar(50) NOT NULL
) ENGINE=InnoDB DEFAULT CHARSET=latin1;

--
-- Dumping data for table `permisos`
--

INSERT INTO `permisos` (`idpermiso`, `permiso`) VALUES
(1, 'Administrador'),
(2, 'Operador');

-- --------------------------------------------------------

--
-- Table structure for table `principio`
--

CREATE TABLE `principio` (
  `idprincipio` int(11) NOT NULL,
  `principio` varchar(50) NOT NULL
) ENGINE=InnoDB DEFAULT CHARSET=latin1;

--
-- Dumping data for table `principio`
--

INSERT INTO `principio` (`idprincipio`, `principio`) VALUES
(1, 'Condicion Segura'),
(2, 'Acto Seguro'),
(3, 'Reglas de Seguridad'),
(4, 'Entrenamiento'),
(5, 'Equipo de Proteccion Personal'),
(6, 'Areas Seguras'),
(7, 'Maquinaria y Equipo Seguro'),
(8, 'Ergonomia'),
(9, 'Voz de la Seguridad');

-- --------------------------------------------------------

--
-- Table structure for table `raiz`
--

CREATE TABLE `raiz` (
  `idraiz` int(11) NOT NULL,
  `nombre` varchar(50) COLLATE utf8mb4_bin NOT NULL
) ENGINE=InnoDB DEFAULT CHARSET=utf8mb4 COLLATE=utf8mb4_bin;

--
-- Dumping data for table `raiz`
--

INSERT INTO `raiz` (`idraiz`, `nombre`) VALUES
(1, 'SRC'),
(2, 'MRC'),
(3, 'TRC');

-- --------------------------------------------------------

--
-- Table structure for table `registro_sam`
--

CREATE TABLE `registro_sam` (
  `idregsam` int(11) NOT NULL,
  `idlinea` int(11) NOT NULL,
  `idaccidente` int(11) NOT NULL,
  `accion` varchar(500) COLLATE utf8mb4_bin NOT NULL,
  `comentario` varchar(500) COLLATE utf8mb4_bin NOT NULL,
  `comentariocierre` varchar(500) COLLATE utf8mb4_bin NOT NULL,
  `fecha_compromiso` date NOT NULL,
  `fecha_cierre` date NOT NULL,
  `estado` tinyint(1) NOT NULL
) ENGINE=InnoDB DEFAULT CHARSET=utf8mb4 COLLATE=utf8mb4_bin;

--
-- Dumping data for table `registro_sam`
--

INSERT INTO `registro_sam` (`idregsam`, `idlinea`, `idaccidente`, `accion`, `comentario`, `comentariocierre`, `fecha_compromiso`, `fecha_cierre`, `estado`) VALUES
(226, 28, 76, 'accion correctiva ', '', 'comentario de cierre', '2018-05-02', '2018-05-24', 2),
(227, 28, 77, 'sdfgg', '', '', '2018-05-02', '2018-05-28', 2),
(234, 28, 78, '', '', '', '2018-05-28', '2018-06-04', 2),
(235, 15, 76, '', '', '', '2018-05-28', '0000-00-00', 1),
(236, 52, 76, '', '', '', '2018-05-28', '0000-00-00', 1),
(237, 52, 77, '', '', '', '2018-05-28', '2018-05-28', 2),
(238, 28, 79, 'llll', '', '1414', '2018-05-31', '2018-05-31', 2),
(239, 30, 76, '', '', '', '2018-06-04', '2018-06-04', 2),
(240, 30, 77, '', '', '', '2018-06-04', '2018-06-04', 2),
(241, 30, 78, '', '', '', '2018-06-04', '2018-06-04', 2),
(242, 30, 79, '', '', '', '2018-06-04', '0000-00-00', 1),
(243, 28, 80, '', '', '', '2018-06-06', '0000-00-00', 1),
(244, 286, 76, '', '', '', '2018-06-08', '2018-06-08', 2),
(245, 59, 76, '', '', 'cerrar', '2018-06-11', '2018-06-12', 2),
(246, 59, 77, 'accion', '', '', '2018-06-12', '0000-00-00', 1),
(247, 59, 78, 'prueba', '', '', '2018-06-12', '2018-06-15', 2),
(248, 59, 79, '', '', '', '2018-06-15', '0000-00-00', 1),
(249, 59, 80, '', '', '', '2018-06-15', '0000-00-00', 1),
(250, 59, 81, '', '', '', '2018-06-18', '2018-06-18', 2),
(251, 204, 76, '', '', '', '2018-06-21', '2018-06-21', 2),
(252, 204, 77, '', '', '', '2018-06-21', '0000-00-00', 1);

-- --------------------------------------------------------

--
-- Table structure for table `sam`
--

CREATE TABLE `sam` (
  `idsam` int(11) NOT NULL,
  `idlinea` int(11) NOT NULL,
  `idusuario` int(11) NOT NULL,
  `ma` varchar(20) COLLATE utf8mb4_bin NOT NULL,
  `op` varchar(20) COLLATE utf8mb4_bin NOT NULL,
  `descripcion` varchar(200) COLLATE utf8mb4_bin NOT NULL
) ENGINE=InnoDB DEFAULT CHARSET=utf8mb4 COLLATE=utf8mb4_bin;

--
-- Dumping data for table `sam`
--

INSERT INTO `sam` (`idsam`, `idlinea`, `idusuario`, `ma`, `op`, `descripcion`) VALUES
(58, 26, 4, '1129335', '1116', 'ENSAMBLE DE TUBO GUIA AL FLANGE\r\n'),
(59, 26, 4, '1129336', '1150', 'BANCO DE PRUEBA FINAL A/R\r\n'),
(60, 26, 4, '1129390', '1128', 'ENS. DE RESERVA A FLANGE Y RUTA\r\n'),
(61, 26, 4, '1129599', '1118', 'ENS. DE TAPA INTERMEDIA A TUBOS\r\n'),
(62, 17, 5, '1129757', '1010', 'ENSAMBLE DE VALVULA CHECK\r\n'),
(63, 17, 5, '1129758', '1020', 'SOLDADORA DE TAPAS\r\n'),
(64, 17, 5, '1129759', '1030', 'ENSAMBLE DE LIFT-PIPE\r\n'),
(65, 17, 5, '1129760', '1040', 'SOLDADORA DE TAPON\r\n'),
(66, 17, 5, '1129761', '1050', 'SOLDADORA DE CORAZA - FILTRO\r\n'),
(67, 17, 5, '1129762', '1060', 'ENSAMBLE DE DRV\r\n'),
(68, 17, 5, '1129763', '1070', 'ENSAMBLE DE TUBO CORRUGADO\r\n'),
(69, 17, 5, '1129764', '1080', 'ENSAMBLE DE O´RINGS Y EMC\r\n'),
(70, 17, 5, '1129765', '1090', 'ENSAMBLE DE BOMBA\r\n'),
(71, 17, 5, '1129842', '1100', 'ENSAMBLE DE SENSOR DE PRESION\r\n'),
(72, 17, 5, '1129766', '1110', 'BANCO DE PRUEBAS DE FUGA EXTERNA\r\n'),
(73, 17, 5, '1129767', '1120', 'ENSAMBLE DE FLUV\r\n'),
(74, 17, 5, '1129768', '1130', 'ENSAMBLE DE TUBO CORRUGADO\r\n'),
(75, 17, 5, '1129769', '1140', 'ENSAMBLE DE RESORTES\r\n'),
(76, 17, 5, '1129772', '1160', 'ENRUTADO DE ARNES DE BOMBA Y FLS\r\n'),
(77, 17, 5, '1129773', '1180', 'BANCO DE PRUEBA DE ALTURA vs RESISTENCIA\r\n'),
(78, 17, 5, '1129774', '1190', 'BANCO DE PRUEBA DE FUGA INTERNA\r\n'),
(79, 17, 5, '1129840', '1200', 'INSPECCION VISUAL\r\n'),
(80, 17, 5, '1130596', '1055', 'PRENSA NEUMÁTICA PARA ENSAMBLE DE\r\n'),
(81, 17, 5, '', '', 'MAQUINA DE SOLDADO ULTRASONICO PARA UNIR\r\n'),
(82, 17, 5, '1130597', '1058', 'POUP\r\n'),
(83, 18, 5, '1130033', '1010', 'Ensamble de tubo corrugado a S.Bell \r\n'),
(84, 18, 5, '1130034', '1020', 'Ensamble de tubo corrugado a S.Bell \r\n'),
(85, 18, 5, '1130035', '1025', 'Ensamble de valvula sombrilla y jet pump a reserva \r\n'),
(86, 18, 5, '1130036', '1030', 'Soldado de suction bell\r\n'),
(87, 18, 5, '1130369', '1040', 'Ensamble ESD strap y tubos guias a flange \r\n'),
(88, 18, 5, '1130038', '1060', 'Prueba de fuga externa \r\n'),
(89, 18, 5, '1130039', '1070', 'Ensamble y prueba de GVV a flange \r\n'),
(106, 18, 5, '1130040', '1080', 'Ensamble de tubos corrugados a flange \r\n'),
(107, 18, 5, '1130370', '1085', 'Ensamble de resortes, spacer y deformado de tubos guia \r\n'),
(108, 18, 5, '1130041', '1090', 'Ensamble y deformado de tubos guia \r\n'),
(109, 18, 5, '1130371', '1095', 'Ensamble de tubos auxiliar a flange \r\n'),
(110, 18, 5, '1130042', '1100', 'Ensamble de TSG y brazo.\r\n'),
(111, 18, 5, '1130043', '1110', 'Pruenba FLS \r\n'),
(112, 18, 5, '1130045', '1120', 'Inspeccion visual \r\n'),
(114, 14, 6, '1130895', '1010', 'Ensamble de chocke y RSV a Housin\r\n'),
(115, 14, 6, '1130896', '1020', 'Soldado de Hot Plate \r\n'),
(116, 14, 6, '1130898', '1040', 'CABLES COMPACTING\r\n'),
(117, 14, 6, '1130899', '1050', 'Soldado de cables a bomba por microresistencia \r\n'),
(118, 14, 6, '1130900', '1060', 'Ensamble de strainer y decoupling a bomba \r\n'),
(119, 14, 6, '1130901', '1070', 'Ensamble de decoupling -strainer -bomba a filter housing \r\n'),
(120, 14, 6, '1130913', '1080', 'Prueba de vacio presencia de oring en bomba \r\n'),
(121, 14, 6, '1130902', '1090', 'Ensamble de FVV y JET PUMP a reserva.\r\n'),
(122, 14, 6, '1130903', '1100', 'Soldado por ultrasonido filter housing a reserva.\r\n'),
(123, 14, 6, '1130909', '1110', 'Ensamble DRV-PRV\r\n'),
(124, 14, 6, '1130904', '1115', 'Ensamble de tubo corrugado a tapa de filter housing \r\n'),
(125, 14, 6, '1130905', '1130', 'Soldado por micro resistencia de cable a flange.\r\n'),
(126, 14, 6, '1130906', '1140', 'Ensamble de tubo corrugado a flange \r\n'),
(127, 14, 6, '1130924', '1150', 'Ensamble de arness electrico de bomba y FLS\r\n'),
(128, 14, 6, '1130907', '1160', 'Ensamble de resortes y barras guia a flange \r\n'),
(129, 14, 6, '1130923', '1170', 'Ensamble de arnes ESD\r\n'),
(130, 14, 6, 'NA', '1171.5', 'ENSAMBLE DE CABLE TIERRA CABLES DE MODULO\r\n'),
(131, 14, 6, '1130908', '1180', 'Ensamble de brazo FLS.\r\n'),
(132, 14, 6, '1130912', '1190', 'Prueba de FLS, corriente y giro de bomba \r\n'),
(133, 14, 6, '1130911', '1200', 'Prueba de fuga interna \r\n'),
(134, 14, 6, '1130910', '1210', 'Inspeccion visual \r\n'),
(135, 14, 6, '1130897', '1030', 'Cortadora de cables \r\n'),
(136, 14, 6, '1130914', '1120', 'ETIQUETADO, ENSAMBLE Y PRUEBA FUGA DE FLVV\r\n'),
(137, 14, 6, '1134947', '1121', 'ENSAMBLE DE SENSOR DE PRESION\r\n'),
(138, 14, 6, '1129628', '1121B', 'ENSAMBLE DE CONECTOR ELECTRICO \r\n'),
(139, 14, 6, '1129629', '1122', 'PRUEBA DE FUGA EXTERNA A FLANGE\r\n'),
(140, 14, 6, '1136652', '1125', 'ENSAMBLE DE TUBO AUXILIAR A FLANGE\r\n'),
(141, 14, 6, 'NA', '1085', 'ENSAMBLE DE TUBO CORRUGADO A JET PUMP\r\n'),
(142, 14, 6, 'NA', '1145', 'OPERACION DE SOLDADO\r\n'),
(143, 14, 6, 'NA', '1146', 'ENSAMBLE DE SENSOR DE TEMPERATURA\r\n'),
(144, 19, 6, '1129177', '1310', 'Ensamble de Membrana Plastica  y Metalic\r\n'),
(145, 19, 6, '1129178', '1320', 'Ensamble de Filtro Interior .\r\n'),
(146, 19, 6, '1129180', '1330', 'Ensamble de Coraza a Bomba\r\n'),
(147, 19, 6, '1129679', '1010', 'Ensamble de coraza en bomba / Ensamble tubo corrugado y malla.\r\n'),
(148, 19, 6, '1129680', '1020', 'Ensamble de tubo corrugado en bomba\r\n'),
(149, 19, 6, '1129681', '1030', 'Ensamble de fliltro, seguro reten y bomba en sujetador de bomba \r\n'),
(150, 19, 6, '1129682', '1040', 'Ensamble de oring y conector en flange/ BBD subensamble de oring en filtro del flange y ensamble en flange \r\n'),
(151, 19, 6, '1129683', '1050', 'Banco de prueba de fuga externa \r\n'),
(152, 19, 6, '1129684', '1060', 'ENSAMBLE DE TUBO AUXILIAR\r\n'),
(153, 19, 6, '1129685', '1070', 'Ensamble de tubo corrugado y abrazadera \r\n'),
(154, 19, 6, '1129686', '1080', 'Ensamble de tubos guias en flange \r\n'),
(155, 19, 6, '1129687', '1090', 'Ensamble de tubos corrugados, codo y adaptador en flange  \r\n'),
(156, 19, 6, '1129688', '1110', 'Ensamble de DRV en adaptador \r\n'),
(157, 19, 6, '1129689', '1130', 'Ensamble de grommet y rotoclip en tapa de reserva\r\n'),
(158, 19, 6, '1129690', '1140', 'Subensamble de brazo -flotador, varilla y arandela de FLS\r\n'),
(159, 19, 6, '1129691', '1150', 'ENSAMBLE DEL BRAZO\r\n'),
(160, 19, 6, '1129692', '1160', 'DEFORMACIÓN DE TUBOS GUIA\r\n'),
(161, 19, 6, '1129693', '1190', 'Prueba de fuga interna .\r\n'),
(162, 19, 6, '1129694', '1200', 'ENSAMBLE DE FOOT\r\n'),
(163, 19, 6, '1129695', '1230', 'BANCO DE PRUEBA DE FLS\r\n'),
(165, 19, 6, '1129696', '1240', 'Inspeccion Visual  200 %\r\n'),
(166, 19, 6, '1130522', '1340', 'ENSAMBLE DE RESERVA A FILTRO EXTERIOR\r\n'),
(167, 19, 6, '1129177', '1310', 'Ensamble de Membrana Plastica  y Metalic\r\n'),
(168, 19, 6, '1129178', '1320', 'Ensamble de Filtro Interior .\r\n'),
(169, 19, 6, '1129180', '1330', 'Ensamble de Coraza a Bomba\r\n'),
(170, 19, 6, '1130522', '1340', 'ENSAMBLE DE RESERVA A FILTRO EXTERIOR\r\n'),
(171, 20, 7, '1130150', '1010', '1010 ENSAMBLE DE VALVULA SOMBRILLA\r\n'),
(172, 20, 7, '1130151', '1020', '1020 SOLDADO DE TAPA DE CANAL A RESERVA\r\n'),
(173, 20, 7, '1130152', '1030', '1030 ENSAMBLE DE JFT Y PRUEBA FUNCIONAL\r\n'),
(174, 20, 7, '1130153', '1040', '1040 ENSAMBLE DE JFT Y LIFT PIPE\r\n'),
(175, 20, 7, '1130154', '1050', '1050 ENSAMBLE DE RSV Y SOLDADO DE PLUG\r\n'),
(176, 20, 7, '1130155', '1060', '1060 SOLDADO DE TAPA DE RESERVA\r\n'),
(177, 20, 7, '1130156', '1070', '1070 ENSAMBLE DE ALOJAMIENTO DE BOMBA\r\n'),
(178, 20, 7, '1130157', '1080', '1080 SOLDADURA DE ENSAMBLE DE BOMBA\r\n'),
(179, 20, 7, '1130158', '1090', '1090 ENSAMBLE DE PRV/DRV Y PREFILTRO\r\n'),
(180, 20, 7, '1130159', '1100', '1100 ENSAMBLE DE TUBO CORRUGADO Y FILTRO\r\n'),
(181, 20, 7, '1130160', '1110', '1110 ENSAMBLE DE TAPA DE RESERVA\r\n'),
(182, 20, 7, '1130161', '1130', '1130 ENSAMBLE DE CONECTOR Y SENSOR\r\n'),
(183, 20, 7, '1130162', '1140', '1140 ENSAMBLE DE FLVV Y GVV A FLANGE\r\n'),
(184, 20, 7, '1130163', '1150', '1150 ENSAMBLE DE TUBOS GUIA A FLANGE\r\n'),
(185, 20, 7, '1130164', '1160', '1160 PRUEBA DE FUGA EXTERNA A FLANGE\r\n'),
(186, 20, 7, '1130165', '1170', '1170 ENSAMBLE DE TUBO CORRUGADO A FLANGE\r\n'),
(187, 20, 7, '1130167', '1200', '1200 ENSAMBLE DE ARNESES ELECTRICOS\r\n'),
(188, 20, 7, '1130168', '1220', '1220 PRUEBA DE ALTURA CONTRA RESISTENCIA\r\n'),
(189, 20, 7, '1130169', '1230', '1230 PRUEBA DE FUGA INTERNA\r\n'),
(190, 20, 7, '1130170', '1240', '1240 INSPECCION VISUAL 200%\r\n'),
(191, 20, 7, '1130171', '1250', '1250 GP-12\r\n'),
(192, 16, 8, '1130449', '2940', 'ENSAMBLE DE CHOKE Y RSV\r\n'),
(193, 16, 8, '1130450', '2950', 'SOLDADO DE TAPA DE RESERVA Y ALOJAMIENTO\r\n'),
(194, 16, 8, '1130451', 'N.A', 'PREPARACION DE CABLE MANUAL\r\n'),
(195, 16, 8, '1130452', '2960', 'COMPACTADO DE CABLES \r\n'),
(196, 16, 8, '1130453', '2980', 'ENSAMBLE DE CABLES A BOMBA\r\n'),
(197, 16, 8, '1130454', '2990A', 'ENSAMBLE DE SUJETADOR Y FILTRO A BOMBA\r\n'),
(198, 16, 8, '1130455', '2990B', 'ENSAMBLE DE SUJETADOR DE BOMBA AL SUJETA\r\n'),
(199, 16, 8, '1130654', '2990C', 'PRUEBA DE DETECCION DE ORING\r\n'),
(200, 16, 8, '1130456', '3000', 'ENSAMBLE DE FFV Y JET PUMP\r\n'),
(201, 16, 8, '1130458', '3010', 'SOLDADO DEL SUJETADOR DEL FILTRO A RESER\r\n'),
(202, 16, 8, '1130459', '3020', 'ENSAMBLE DE TUBO CORRUGADO PRV Y DRV\r\n'),
(203, 16, 8, '1130460', '3050', 'ENSAMBLE DE SEGUROS A FLANGE\r\n'),
(204, 16, 8, '1130461', '3070', 'SOLDADO DE CABLES A FLANGE\r\n'),
(205, 16, 8, '1130462', '3080', 'ENSAMBLE DE TUBO CORRUGADO A FLANGE\r\n'),
(206, 16, 8, '1130463', '3090', 'ENSAMBLE ARNES ELECTRICO DE BOMBA Y FLS\r\n'),
(207, 16, 8, '1130464', '3100', 'ENSAMBLE DE FLANGE, RESORTES, TUBOS GUIA\r\n'),
(208, 16, 8, '1130466', '3115', 'ENSAMBLE DE BRAZO\r\n'),
(209, 16, 8, '1130467', '3120', 'PRUEBA DE ALTURA VS RESISTENCIA\r\n'),
(210, 16, 8, '1130468', '3130', 'PRUEBA DE FUGA INTERNA\r\n'),
(211, 16, 8, '1130469', '3140A', 'INSPECCION VISUAL Y ENSAMBLE DE TAPONES\r\n'),
(212, 16, 8, '1130470', '3140B', 'INSPECCION VISUAL 200%\r\n'),
(213, 16, 8, 'N.A', 'N.A', 'laboratio e pruebas\r\n'),
(214, 21, 9, '1129300', '1010C', 'ENSAMBLE DE SENSOR DE NIVEL\r\n'),
(215, 21, 9, '1129633', '1150C', 'ENSAMBLE DE TSG 1.3\r\n'),
(216, 21, 9, '1129770', '1150B', 'ENSAMBLE DE TSG 1.3\r\n'),
(217, 21, 9, '1129772', '1170B', 'ENSAMBLE DE BRAZO\r\n'),
(218, 21, 9, '1129841', '1096', 'ENS. DE POLIMERO A FLANGE\r\n'),
(219, 21, 9, '1129670', '1095', 'ENSAMBLE DE INSERTO DE POLIMERO A FLANGE\r\n'),
(220, 21, 9, '1129708', '1020B', 'ENSAMBLE DE BRAZO\r\n'),
(221, 21, 9, '1129710', '1020A', 'ENSAMBLE DE BRAZO\r\n'),
(222, 21, 9, '1129704', '1150A', 'ENSAMBLE DE TSG 1.3\r\n'),
(223, 21, 9, '1129707', '1010B', 'ENSAMBLE DE TSG 1.3\r\n'),
(224, 21, 9, '1129706', '1030B', 'BANCO DE PRUEBA FLS\r\n'),
(225, 24, 4, '1129163', '1010', 'LIMPIEZA DE CAVIDADES DE VALVULA\r\n'),
(226, 24, 4, '1129164', '1020', 'SOLDADORA POR ULTRASONIDO\r\n'),
(227, 24, 4, '1129165', '1030', 'SOLDADORA POR ULTRASONIDO\r\n'),
(228, 24, 4, '1129166', '1060', 'SOLDADORA POR ULTRASONIDO\r\n'),
(229, 24, 4, '1129167', '1070', 'SOLDADORA POR ULTRASONIDO\r\n'),
(230, 24, 4, '1129168', '1160', 'BANCO DE PRUEBA FINAL\r\n'),
(231, 24, 4, '1130517', '1140', 'ENSAMBLE DE GVV Y FLVV\r\n'),
(232, 24, 4, '1132489', '1130', 'BANCO DE PRUEBA DE FUGA EXTERNA\r\n'),
(233, 24, 4, '1132490', '1080', 'ENSAMBLE DE DRV Y PREFILTRO.\r\n'),
(234, 24, 4, '1132491', '1100', 'ENSAMBLE DE TUBOS JET PUMP A LA\r\n'),
(235, 24, 4, '1132492', '1110', 'ENSAMBLE DE MANGUERA DE CIRCULAC\r\n'),
(236, 24, 4, '1132493', '1150', 'ENS. DE FLANGE A SUB-ENSAMBLE\r\n'),
(237, 15, 4, '1129172', '1010', 'Dispositivo Neumatico P/ensamble de Arne\r\n'),
(238, 15, 4, '1129173', '1020', 'Prueba de Hermeticidad    \r\n'),
(239, 15, 4, '1130393', '1025', 'PRUEBA DE AISLAMIENTO FLANGE-ARNES\r\n'),
(240, 15, 4, '1129174', '1030', 'Dispositivo Neumático P/ Ensamble de Bom\r\n'),
(241, 15, 4, '1129221', '1040', 'Prensa Schimdt P/ Ensamble de Bomba\r\n'),
(242, 15, 4, '1129175', '1050', 'Lugar de Trabajo P/ Conectar Cables\r\n'),
(243, 15, 4, '1129176', '1060', 'Banco de Prueba Final\r\n'),
(244, 15, 4, '1129171', '1100', 'Maquina Automatica P/Ensamble de Modulo\r\n'),
(245, 15, 4, 'N.A', 'N.A', 'Banco de prueba de fuga interna y PRV\r\n'),
(246, 15, 4, '1129460', '1100', 'ENSAMBLE DE MODULO NISSAN 085\r\n'),
(247, 27, 4, '1132487', '1010', 'Estación de embolsado y sellado\r\n'),
(248, 27, 4, '1132488', '1020', 'Meter filtro y bomba en cajita\r\n'),
(263, 23, 4, '1129353', '1060A', 'ENS. DE TAPA A CORAZA Y RETEN A\r\n'),
(264, 23, 4, '1129356', '1100', 'BANCO DE PRUEBA FINAL\r\n'),
(265, 23, 4, '1129401', '1055', 'BANCO DE PRUEBA DEL LEAK TEST\r\n'),
(266, 23, 4, '1129406', '1010A', 'PRUEBA DE HERMETICIDAD DE\r\n'),
(267, 23, 4, '1129407', '1020', 'ENS. DE BOMBA Y GROMMETS A VALVE\r\n'),
(268, 23, 4, '1129408', '1045', 'REMACHADORA\r\n'),
(269, 23, 4, '1129410', '1050', 'SOLDADORA POR ULTRASONIDO\r\n'),
(270, 23, 4, '1129412', '1080', 'BANCO DE PRUEBA DE FUGA EXTERNA.\r\n'),
(271, 23, 4, '1129413', '1090', 'ENSAMBLE DE RESORTE Y FLANGE\r\n'),
(272, 23, 4, '1129414', '1060B', 'ENSAMBLE DE CONECTOR Y O´RING\r\n'),
(273, 23, 4, '1130392', '1010B', 'ENS. DE FILTRO A VALVE HOUSING\r\n'),
(274, 23, 4, '1130521', '1070', 'ENSAMBLE DE ARNÉS Y REGULADOR\r\n'),
(275, 23, 4, '1130593', '1030', 'ENS.DE GROMMETS A TUBO DE ALUMIN\r\n'),
(278, 22, 8, 'N.A', '1010', 'ENSAMBLE DE HOLDING FIXTURE  RESORTE Y FLANGE \r\n'),
(279, 22, 8, 'N.A', '1020', 'ENSAMBLE DE TSG Y BRAZO DE SOPORTE TSG \r\n'),
(280, 22, 8, 'N.A', '1030', 'PRUEBA DE ALTURA VS RESISTENCIA\r\n'),
(281, 22, 8, 'N.A', '1040', 'ENSAMBLE DE SUCTION FILTER Y ARNES DE TSG\r\n'),
(282, 22, 8, 'N.A', '1050', 'INSPECCION VISUAL\r\n'),
(283, 22, 8, 'N.A', '1060', 'EMPAQUE E INSPECCION VISUAL AL 200%\r\n'),
(284, 25, 9, '1142857', '1010', 'Assembly of RSV and Choke to Filter Housing\r\n'),
(285, 25, 9, '1142872', '1020', 'Hot Plate welding\r\n'),
(286, 25, 9, '1142860', '1030', 'Microresistance welding pump \r\n'),
(287, 25, 9, '1142861', '1040', 'Assembly of decoupling and strainer to pump.\r\n'),
(288, 25, 9, '1142862', '1050', 'Assembly of decoupling, strainer & pump to filter housing\r\n'),
(289, 25, 9, '1142863', '1060', 'Vacuum test, o-ring presence\r\n'),
(290, 25, 9, '1142864', '1070', 'Assembly of FFV and jet pump to reservoir\r\n'),
(291, 25, 9, '1142865', '1080', 'Ultrasonic welding filter housing with reservoir\r\n'),
(292, 25, 9, '1142858', '1090', 'Assembly pressure regulator & PRV \r\n'),
(293, 25, 9, '1142859', '1100', 'Corrugated tube assembly to filter housing \r\n'),
(294, 25, 9, '1142866', '1110', 'Microresitance welding flange \r\n'),
(295, 25, 9, '1142867', '1120', 'Assembly corrugated tube to flange \r\n'),
(296, 25, 9, '1142875', '1130', 'TSG assembly (table)\r\n'),
(297, 25, 9, '1142868', '1140', 'Guide rods assembly \r\n'),
(298, 25, 9, '1142874', '1150', 'Wire arm assembly (table)\r\n'),
(299, 25, 9, '1142871', '1160', 'High vs Resistance test\r\n'),
(300, 25, 9, '1142869', '1170', 'Internal leak test\r\n'),
(301, 25, 9, '1142873', '1180', '100% inspection\r\n'),
(302, 25, 9, '1142870', '1190', '200% Inspection\r\n'),
(303, 28, 3, '', '1010', 'ROBOMAT  PARA CARGA DE HOUSING\r\n'),
(304, 28, 3, '', '1020', 'DISPENSADOR DE ADHESIVO CONDUCTIVO (L1)\r\n'),
(305, 28, 3, '', '1030', 'ENSAMBLE DE CAPACITORES (L1)\r\n'),
(306, 28, 3, '', '1038', 'HORNO LUKON 8 ZONAS (L1)\r\n'),
(307, 28, 3, '', '1045', 'DISPENSADORES DE ADHESIVO SILICON \"O\" (L1)\r\n'),
(308, 28, 3, '', '1050', 'DISPENSADO DE ADHESIVO SILICON LINEA Y PUNTO\r\n'),
(309, 28, 3, '', '1060', 'ENSAMBLE DE PREMOLD\r\n'),
(310, 28, 3, '', '1070', 'SOLDADO DE PREMOLD\r\n'),
(311, 28, 3, '', '1080', 'DISPENSADO DE ADHESIVO SILICON \"O\" PARA TAPA\r\n'),
(312, 28, 3, '', '1080', 'DISPENSADO DE ADHESIVO SILICON \"U\" PARA TAPA\r\n'),
(313, 28, 3, '', '1090', 'ENSAMBLE DE TAPA\r\n'),
(314, 28, 3, '', '1100', 'HORNO LUKON 8 ZONAS (L1)\r\n'),
(315, 28, 3, '', '1110', 'ENSAMBLE DE ORING\r\n'),
(316, 28, 3, '', '1120', 'BANCO DE PRUEBAS E10 Y E11\r\n'),
(317, 28, 3, '', '1123', 'ENSAMBLE DE BALIN\r\n'),
(318, 28, 3, '', '1125', 'MARCADO LASER\r\n'),
(319, 28, 3, '', '1130', 'ENSAMBLE DE ETIQUETA\r\n'),
(320, 28, 3, '', '1131', 'PLANCHADO DE ETIQUETA\r\n'),
(321, 28, 3, '', '1140', 'DECARGA DE SENSOR EN BANDA\r\n'),
(322, 28, 3, '', '1150', 'INSPECCION VISUAL\r\n'),
(323, 28, 3, '', '1160', 'EMPAQUE DE PRODUCTO TERMINADO\r\n'),
(324, 30, 3, '', '1010', 'ROBOMAT\r\n'),
(325, 30, 3, '', '1020', 'DISPENSADOR DE ADHESIVO CONDUCTIVO (L2)\r\n'),
(326, 30, 3, '', '1030', 'ENSAMBLE DE CAPACITORES (L2)\r\n'),
(327, 30, 3, '', '1038', 'HORNO LUKON 8 ZONAS (L2)\r\n'),
(328, 30, 3, '', '1045', 'DISPENSADO DE ADHESIVO EPOXICO\r\n'),
(329, 30, 3, '', '1050', 'DISPENSADO DE ADHESIVO SILICON LINEA Y PUNTO\r\n'),
(330, 30, 3, '', '1060', 'ENSAMBLE DE PREMOLD\r\n'),
(331, 30, 3, '', '1070', 'SOLDADO DE PREMOLD\r\n'),
(332, 30, 3, '', '1080', 'DISPENSADO DE ADHESIVO SILICON \"O\" PARA TAPA\r\n'),
(333, 30, 3, '', '1080', 'DISPENSADO DE ADHESIVO SILICON \"O\" PARA TAPA\r\n'),
(334, 30, 3, '', '1090', 'ENSAMBLE DE TAPA\r\n'),
(335, 30, 3, '', '1100', 'HORNO LUKON 8 ZONAS (L1)\r\n'),
(336, 30, 3, '', '1110', 'ENSAMBLE DE ORING\r\n'),
(337, 30, 3, '', '1115', 'ENSAMBLE DE GROMMET\r\n'),
(338, 30, 3, '', '1120', 'BANCO DE PRUEBAS E10 Y E11\r\n'),
(339, 30, 3, '', '1123', 'ENSAMBLE DE BALIN\r\n'),
(340, 30, 3, '', '1125', 'MARCADO LASER\r\n'),
(341, 30, 3, '', '1130', 'ENSAMBLE DE ETIQUETA\r\n'),
(342, 30, 3, '', '1131', 'PLANCHADO DE ETIQUETA\r\n'),
(343, 30, 3, '', '1140', 'DECARGA DE SENSOR EN BANDA\r\n'),
(344, 30, 3, '', '1150', 'INSPECCION VISUAL\r\n'),
(345, 30, 3, '', '1160', 'EMPAQUE DE PRODUCTO TERMINADO\r\n'),
(346, 29, 10, '', '1010', 'ROBOMAT  PARA CARGA DE HOUSING\r\n'),
(347, 29, 10, '', '1012', 'ENSAMBLE Y SOLDADO DE NTC\r\n'),
(348, 29, 10, '', '1020', 'DISPENSADOR DE ADHESIVO CONDUCTIVO (L1)\r\n'),
(349, 29, 10, '', '1030', 'ENSAMBLE DE CAPACITORES (L1)\r\n'),
(350, 29, 10, '', '1038', 'HORNO LUKON 8 ZONAS (L1)\r\n'),
(351, 29, 10, '', '1042', 'DISPENSADO ADHESIVO SILICON PARA NTC\r\n'),
(352, 29, 10, '', '1045', 'DISPENSADO DE ADHESIVO EPOXICO\r\n'),
(353, 29, 10, '', '1050', 'DISPENSADO DE ADHESIVO SILICON LINEA Y PUNTO\r\n'),
(354, 29, 10, '', '1060', 'ENSAMBLE DE PREMOLD\r\n'),
(355, 29, 10, '', '1070', 'SOLDADO DE PREMOLD\r\n'),
(356, 29, 10, '', '1080', 'DISPENSADO DE ADHESIVO SILICON \"O\" PARA TAPA\r\n'),
(357, 29, 10, '', '1080', 'DISPENSADO DE ADHESIVO SILICON \"U\" PARA TAPA\r\n'),
(358, 29, 10, '', '1090', 'ENSAMBLE DE TAPA DAE\r\n'),
(360, 29, 10, '', '1091', 'ENSAMBLE MEMBRANA DAE\r\n'),
(361, 29, 10, '', '1092', 'PLANCHADO MEMBRANA DAE\r\n'),
(362, 29, 10, '', '1093', 'DISPENSADO DE ADHESIVO SILICON TAPA DAE\r\n'),
(363, 29, 10, '', '1094', 'DISPENSADO DE ADHESIVO SILICON TAPA DAE\r\n'),
(364, 29, 10, '', '1100', 'CURADO DE ADHESIVO TAPA\r\n'),
(365, 29, 10, '', '1110', 'ENSAMBLE DE ORING\r\n'),
(366, 29, 10, '', '1115', 'ENSAMBLE DE GROMMET\r\n'),
(367, 29, 10, '', '1120', 'BANCO DE PRUEBAS E10 Y E11\r\n'),
(368, 29, 10, '', '1123', 'ENSAMBLE DE BALIN\r\n'),
(369, 29, 10, '', '1125', 'MARCADO LASER\r\n'),
(370, 29, 10, '', '1130', 'ENSAMBLE DE ETIQUETA\r\n'),
(371, 29, 10, '', '1131', 'PLANCHADO DE ETIQUETA\r\n'),
(372, 29, 10, '', '1140', 'DECARGA DE SENSOR EN BANDA\r\n'),
(373, 29, 10, '', '1150', 'INSPECCION VISUAL\r\n'),
(374, 29, 10, '', '1160', 'EMPAQUE DE PRODUCTO TERMINADO\r\n'),
(376, 33, 11, '1130581', '1010', 'ESTACIÓN MANUAL DE CARGA Y DESCARGA\r\n'),
(377, 33, 11, '1130582', '1020', 'ESTACIÓN DE INSPECCIÓN DE HOUSING\r\n'),
(378, 33, 11, '1130583', '1030', 'ESTACIÓN DE MONTAJE DE MEMBRANA\r\n'),
(379, 33, 11, '1130584', '1040', 'ESTACIÓN DE MEDICIÓN DE POSICIÓN FINAL\r\n'),
(380, 33, 11, '1130585', '1050', 'ESTACIÓN DE ENSAMBLE DE PUERTO DE\r\n'),
(381, 33, 11, '1130586', '1060', 'ESTACIÓN DE LIMPIEZA CON AIRE IONIZADO\r\n'),
(382, 33, 11, '1130587', '1070', 'ESTACIÓN DE SOLDADO LASER\r\n'),
(383, 33, 11, '1130588', '1080', 'ESTACIÓN DE PRUEBA MECÁNICA DE SOLDADO\r\n'),
(384, 33, 11, '1130589', '1090', 'ESTACIÓN DE PRUEBA DE FUGA\r\n'),
(385, 33, 11, '1130590', '1100', 'ESTACIÓN DE RECHAZO/ SALIDA\r\n'),
(386, 31, 12, '', '1010', 'ROBOMAT  PARA CARGA DE HOUSING\r\n'),
(387, 31, 12, '', '1012', 'ENSAMBLE Y SOLDADO DE NTC\r\n'),
(389, 31, 12, '', '1020', 'DISPENSADOR DE ADHESIVO CONDUCTIVO (L1)\r\n'),
(390, 31, 12, '', '1030', 'ENSAMBLE DE CAPACITORES (L1)\r\n'),
(391, 31, 12, '', '1038', 'HORNO LUKON 8 ZONAS (L1)\r\n'),
(392, 31, 12, '', '1041', 'BANCO DE PRUEBA VARISTOR\r\n'),
(393, 31, 12, '', '1042', 'DISPENSADO DE ADHESIVO P/VARISTOR\r\n'),
(394, 31, 12, '', '1045', 'DISPENSADO DE ADHESIVO SILICON \"O\"\r\n'),
(395, 31, 12, '', '1050', 'DISPENSADO DE ADHESIVO SILICON LINEA Y PUNTO\r\n'),
(396, 31, 12, '', '1060', 'ENSAMBLE DE PREMOLD\r\n'),
(397, 31, 12, '', '1070', 'SOLDADO DE PREMOLD\r\n'),
(398, 31, 12, '', '1080', 'DISPENSADO DE ADHESIVO SILICON \"O\" PARA TAPA\r\n'),
(399, 31, 12, '', '1080', 'DISPENSADO DE ADHESIVO SILICON \"U\" PARA TAPA\r\n'),
(400, 31, 12, '', '1100', 'CURADO DE ADHESIVO TAPA\r\n'),
(401, 31, 12, '', '1110', 'ENSAMBLE DE ORING\r\n'),
(402, 31, 12, '', '1120', 'BANCO DE PRUEBAS E10 Y E11\r\n'),
(403, 31, 12, '', '1123', 'ENSAMBLE DE BALIN\r\n'),
(404, 31, 12, '', '1125', 'MARCADO LASER\r\n'),
(405, 31, 12, '', '1130', 'ENSAMBLE DE ETIQUETA\r\n'),
(406, 31, 12, '', '1131', 'PLANCHADO DE ETIQUETA\r\n'),
(407, 31, 12, '', '1140', 'DECARGA DE SENSOR EN BANDA\r\n'),
(408, 31, 12, '', '1150', 'INSPECCION VISUAL\r\n'),
(409, 31, 12, '', '1160', 'EMPAQUE DE PRODUCTO TERMINADO\r\n'),
(410, 32, 13, '', '1010', 'CARGA MANUAL DE HOUSING\r\n'),
(411, 32, 13, '', '1020', ' COLOCAR ADHESIVO CONDUCTIVO \r\n'),
(412, 32, 13, '', '1030', 'ENSAMBLE DE CAPACITORES \r\n'),
(413, 32, 13, '', '1035', 'CARGADO DE HORNO\r\n'),
(414, 32, 13, '', '1038', 'CURADO DE ADHESIVO\r\n'),
(415, 32, 13, '', '1040', 'DESCARGA DE HORNO\r\n'),
(416, 32, 13, '', '1042', 'DISPENSADO DE ADHESIVO SILICON PARA NTC\r\n'),
(417, 32, 13, '', '1044', 'DISPENSADO DE ADHESIVO EPOXICO\r\n'),
(418, 32, 13, '', '1045', 'ADHESIVO SILICON EN \"O\"\r\n'),
(419, 32, 13, '', '1050', 'ADHESIVO SILICON PUNTO Y LINEA\r\n'),
(420, 32, 13, '', '1060', 'ENSAMBLE DE PREMOLD\r\n'),
(421, 32, 13, '', '1070', 'SOLDADO DE PREMOLD\r\n'),
(422, 32, 13, '', '1080', 'DISPENSADO DE ADHESIVO SILICON \"O\"\r\n'),
(423, 32, 13, '', '1080', 'DISPENSADO DE ADHESIVO SILICON \"U\"\r\n'),
(424, 32, 13, '', '1090', 'ENSAMBLE DE TAPA\r\n'),
(425, 32, 13, '', '1091', 'ENSAMBLE DE MEMBRANA DAE\r\n'),
(426, 32, 13, '', '1092', 'PLANCHADO DE MEMBRANA DAE\r\n'),
(427, 32, 13, '', '1093', 'DISPENSADO DE ADHESIVO SILICON PARA TAPA 2 DAE\r\n'),
(428, 32, 13, '', '1094', 'ENSAMBLE DE TAPA 2 DAE\r\n'),
(429, 32, 13, '', '1097', 'CARGADO DE HORNO\r\n'),
(430, 32, 13, '', '1100', 'CURADO DE ADHESIVOS\r\n'),
(431, 32, 13, '', '1105', 'DESCARGA DE HORNO\r\n'),
(432, 32, 13, '', '1110', 'ENSAMBLE DE ORING\r\n'),
(433, 32, 13, '', '1120', 'BANCO DE PRUEBA\r\n'),
(434, 32, 13, '', '1123', 'ENSAMBE DE BALIN\r\n'),
(435, 32, 13, '', '1125', 'MARCADO LASER\r\n'),
(436, 32, 13, '', '1135', 'DOBLE ENSAMBLE DE ORING\r\n'),
(437, 32, 13, '', '1140', 'DESCARGA DE SENSOR\r\n'),
(438, 32, 13, '', '1150', 'INSPECCION VISUAL\r\n'),
(439, 32, 13, '', '1160', 'EMPQUE DE SENSOR\r\n'),
(440, 283, 14, '9819', '1010', 'Alimentar imanes y resortes\r\n'),
(441, 283, 14, '9819', '1015', 'Alimentar coraza de manera manual\r\n'),
(442, 283, 14, '9819', '1020', 'Posicionamiento de imanes y resortes\r\n'),
(443, 283, 14, '9859', '1030', 'Posición final de imanes y resorte\r\n'),
(444, 283, 14, '9859', '1040', 'Ensamble buje sinterizado y anillo de tolerancia\r\n'),
(445, 283, 14, '9859', '1050', ' Ensamble buje y anillo de tolerancia a coraza\r\n'),
(446, 283, 14, '9851', '1060', 'Cambio de pallet y stock de coraza\r\n'),
(447, 283, 14, '9818', '1070', 'Alimentar y colocar inducido a pallet\r\n'),
(448, 283, 14, '9816', '1080', 'Alimentar PPE y colocarla sobre inducido\r\n'),
(449, 283, 14, '9860', '1090', 'Retirar centro protector de PPE\r\n'),
(450, 283, 14, '9850', '1100', 'Alimentación de tapa y balero de bolas y prensado del balero a tapa\r\n'),
(451, 283, 14, 'Nueva!', '1105', 'alimentación disco plastico y clip\r\n'),
(452, 283, 14, 'Nueva! ', '1107', 'Remachado, revisión de ensamble \r\n'),
(453, 283, 14, '9854', '1110', 'Alimentar y prensar tapa a inducido\r\n'),
(454, 283, 14, '9849', '1120', 'Alimentación y ensamble de balero de agujas\r\n'),
(455, 283, 14, '9805', '1125', 'Medición de excentricidad y juego axial\r\n'),
(456, 283, 14, '9806', '1130', 'Magnetizado de imanes\r\n'),
(457, 283, 14, '9807', '1140', 'Girar coraza\r\n'),
(458, 283, 14, '4415', '1145', 'Formado y ensamble de resorte\r\n'),
(459, 283, 14, '9810', '1150', 'Colocar subensamble inducido a ensamble coraza \r\n'),
(460, 283, 14, '9809', '1160', '\"Prensado de tapa a coraza\r\n\r\nMA-112\"\r\n'),
(461, 283, 14, '9808', '1170', 'Cambio de pallet y stock de motor\r\n'),
(462, 283, 14, '9811', '1180', 'Asentamiento de motores\r\n'),
(463, 283, 14, '9813', '1190', 'Prueba eléctrica\r\n'),
(464, 283, 14, '9821', '1200', 'Prueba de cámara\r\n'),
(465, 283, 14, '9820', '1220', 'Verificación del código matriz e inspección visual del balero de \r\n'),
(466, 283, 14, '9852', '1230', 'Empaque del motor\r\n'),
(467, 283, 14, 'NA', 'NA', 'Proveedor a punto de uso \r\n'),
(468, 283, 14, 'NA', 'NA', 'Flejado de pallet \r\n'),
(469, 284, 14, '9887', '1010', 'Alimentación de Laminación y Formado de Paquete\r\n'),
(470, 284, 14, '9888', '1015', 'Invertir parte paquete laminación y alineación\r\n'),
(471, 284, 14, '9889', '1017', 'Medir ancho del paquete\r\n'),
(472, 284, 14, '9890', '1020', 'Insertar flecha a paquete crimpar paquete a flecha\r\n'),
(473, 284, 14, '9891', '1030', 'Ensamble aislante lateral lado buje\r\n'),
(474, 284, 14, '9892', '1040', 'Girar inducido\r\n'),
(475, 284, 14, '9893', '1050', 'Ensamble aislante lateral lado colector\r\n'),
(476, 284, 14, '8894', '1060', 'Orientar colector angularmente e insertarlo a flecha a la altura del bobinado\r\n'),
(477, 284, 14, '9895', '1070', 'Cambio de pallet y stock de sub-ensamble\r\n'),
(478, 284, 14, '9896-9900', '1080', 'Bobinado del Inducido\r\n'),
(479, 284, 14, '9903-05', '1090', 'Punteado del Inducido\r\n'),
(480, 284, 14, '9907', '1100', 'Posición final del colector\r\n'),
(481, 284, 14, '9907', '1110', 'Formado de las bobinas del inducido lado colector\r\n'),
(482, 284, 14, '9908', '1120', 'Torneado del colector\r\n'),
(483, 284, 14, '9909', '1130', 'Cepillado del colector\r\n'),
(484, 284, 14, '9799', '1150', 'Prueba eléctrica del inducido\r\n'),
(485, 284, 14, '9800', '1160', 'Inspección visual final y empaque del inducido\r\n'),
(486, 284, 14, 'NA ', 'NA ', 'Proveedor a punto de uso \r\n'),
(489, 285, 14, '1130736', '1010', 'Ensamble Flecha- Paquete \r\n'),
(490, 285, 14, 'N/A', '1020', 'Ensamble aislante lado colector \r\n'),
(491, 285, 14, '1130737', '1030', 'Ensamble colector \r\n'),
(492, 285, 14, 'N/A', '1040', 'Ensamble aislante lado balero \r\n'),
(493, 285, 14, '1130738', '1050', 'Bobinado del inducido \r\n'),
(494, 285, 14, '1130740', '1060', 'Formado de alambres \r\n'),
(495, 285, 14, '1130741', '1070', 'Punteado del inducido \r\n'),
(496, 285, 14, '1130742', '1080', 'Posición final del colector y calibrado de bobinas \r\n'),
(497, 285, 14, '1130743', '1090', 'Torneado y cardado del colector \r\n'),
(498, 285, 14, '1130751', '1100', 'Prueba eléctrica del inducido\r\n'),
(499, 285, 14, '1130744', '1110', 'Ensamble de balero de bolas a tapa\r\n'),
(500, 285, 14, '1130745', '1120', 'Ensamble de PPE y prensado de tapa a inducido \r\n'),
(501, 285, 14, '1130746', '1130', 'Ensamble de balero excéntrico \r\n'),
(502, 285, 14, '1130747', '1140', 'Prensado de balero de bolas a coraza\r\n'),
(503, 285, 14, '1130747', '1145', 'Engrasado de balero de bolas\r\n'),
(504, 285, 14, '1130748', '1150', 'Ensamble de imánes a coraza \r\n'),
(505, 285, 14, '1130750', '1160', 'Magnetizado \r\n'),
(506, 285, 14, '1130749', '1170', 'Ensamble conjunto inducido a estator \r\n'),
(507, 285, 14, '1130752', '1180', 'Prueba eléctrica del motor \r\n'),
(508, 285, 14, 'N/A', '1190', 'Inspección visual y empaqe \r\n'),
(509, 285, 14, 'N/A', 'N/A', 'Flejado de Pallet \r\n'),
(510, 285, 14, 'N/A', 'N/A', 'Proveedor de material a punto de uso\r\n\r\n'),
(511, 286, 41, '1130736', '1010', 'Ensamble Flecha- Paquete \r\n'),
(512, 286, 41, 'N/A', '1020', 'Ensamble aislante lado colector \r\n'),
(513, 286, 41, '1130737', '1030', 'Ensamble colector \r\n'),
(514, 286, 41, 'N/A', '1040', 'Ensamble aislante lado balero \r\n'),
(515, 286, 41, '1130738', '1050', 'Bobinado del inducido \r\n'),
(516, 286, 41, '1130740', '1060', 'Formado de alambres \r\n'),
(517, 286, 41, '1130741', '1070', 'Punteado del inducido \r\n'),
(518, 286, 41, '1130742', '1080', 'Posición final del colector y calibrado de bobinas \r\n'),
(519, 286, 41, '1130743', '1090', 'Torneado y cardado del colector \r\n'),
(520, 286, 41, '1130751', '1100', 'Prueba eléctrica del inducido\r\n'),
(521, 286, 41, '1130744', '1110', 'Ensamble de balero de bolas a tapa\r\n'),
(522, 286, 41, '1130745', '1120', 'Ensamble de PPE y prensado de tapa a inducido \r\n'),
(523, 286, 41, '1130746', '1130', 'Ensamble de balero excéntrico \r\n'),
(524, 286, 41, '1130747', '1140', 'Prensado de balero de bolas a coraza\r\n'),
(525, 286, 41, '1130747', '1145', 'Engrasado de balero de bolas\r\n'),
(526, 286, 41, '1130748', '1150', 'Ensamble de imánes a coraza \r\n'),
(527, 286, 41, '1130750', '1160', 'Magnetizado \r\n'),
(528, 286, 41, '1130749', '1170', 'Ensamble conjunto inducido a estator \r\n'),
(529, 286, 41, '1130752', '1180', 'Prueba eléctrica del motor \r\n'),
(530, 286, 41, 'N/A', '1190', 'Inspección visual y empaqe \r\n'),
(531, 286, 41, 'N/A', 'N/A', 'Flejado de Pallet \r\n'),
(532, 286, 41, 'N/A', 'N/A', 'Proveedor de material a punto de uso\r\n'),
(533, 120, 15, '1139406', '1010', 'Op. 1010 Insert bushing into actuator tube\r\n'),
(534, 120, 15, '1139407', '1020', 'Op. 1020 Insert actuator tube into bobbin\r\n'),
(535, 120, 15, '1139408', '1030', 'Op. 1030 Insert bobbin into magnet casing\r\n'),
(536, 120, 15, '1139409', '1040', 'Op. 1040 Foil bearing assembly\r\n'),
(537, 120, 15, '1139410', '1050', 'Op. 1050 Foil bearing oiling\r\n'),
(538, 120, 15, '1139411', '1060', 'Op. 1060 Press in armature pin into armature\r\n'),
(539, 120, 15, '1139412', '1070/1075', 'Op. 1070/1075 Insert armature group into atuator tube and laser DMC\r\n'),
(540, 120, 15, '1139413', '1080', 'Op. 1080 Press in pole piece\r\n'),
(541, 120, 15, '1139414', '1090', 'Op. 1090 Crimping pole piece\r\n'),
(542, 120, 15, '1139415', '1100', 'Op. 1100 Spring assembly and press in ball\r\n'),
(543, 120, 15, '1139416', '1110', 'Op. 1110 Press in terminals into the bracket wire\r\n'),
(544, 120, 15, '1139417', '1120', 'Op. 1120 Hot stacking\r\n'),
(545, 120, 15, '1139444', '1130', 'Op.1130 Insert Connector Housing\r\n'),
(546, 120, 15, '1139418', '1140', 'Op. 1140 Insert solenoid to retaining sleeve and crimping\r\n'),
(547, 120, 15, '1139419', '1150', 'Op. 1150 Protection cap assembly\r\n'),
(548, 120, 15, '1139420', '1160/1165', 'Op. 1160/1165 Insert piston & Insert compression spring NL\r\n'),
(549, 120, 15, '1139443', '1170', 'Op.1170 Filter element assembly\r\n'),
(550, 120, 15, '1139421', '1180', 'Op. 1180 Resistance and High Voltage Test\r\n'),
(551, 120, 15, '1139422', '1190', 'Op. 1190 O-Rings assembly\r\n'),
(552, 120, 15, '1139423', '1210', 'Op. 1210 Run in\r\n'),
(553, 120, 15, '1141222', '1220-1', 'Op. 1220 End of Line Tester\r\n'),
(554, 120, 15, '1139004', '1220-2', 'Op. 1220 End of Line Tester\r\n'),
(555, 120, 15, '1141221', '1220-3', 'Op. 1220 End of Line Tester\r\n'),
(556, 120, 15, '1139424', '1230', 'Op. 1230 Cleaning Station\r\n'),
(557, 120, 15, '1139425', '1240', 'Op. 1240 Laser HRC and DMC\r\n'),
(558, 120, 15, '1139426', '1250', 'Op. 1250 Visual Inspection and Packaging\r\n'),
(559, 120, 15, '1139427', '1300', 'Op. 1300 Injection Molding\r\n'),
(560, 120, 15, '1139428', '1400', 'Op. 1400 Winding\r\n'),
(563, 112, 16, '10075813', '1040', 'PREENSAMBLE DE GM\r\n'),
(564, 112, 16, '1129239', '1050', ' INYECCIÓN DE GM\r\n'),
(565, 112, 16, '1129243', '1060', 'AJUSTE ENSAMBLE AGUJA\r\n'),
(566, 112, 16, '1129244', '1070', 'RODAMIENTO Y PISTON A  FLANGE\r\n'),
(567, 112, 16, '1129245', '1080', 'ENSAMBLE BOLA Y TAPA \r\n'),
(568, 112, 16, '1129246', '1090', 'PREENSAMBLE DE PIN E INDUCIDO\r\n'),
(569, 112, 16, '1129247', '1100', 'AJUSTE DE INDUCIDO\r\n'),
(570, 112, 16, '1129248', '1110', ' ENSAMBLE Y SOLDADO LÁSER DE MEBRANA\r\n'),
(571, 112, 16, '1129249', '1120', 'ENSAMBLE DE GM EN FLANGE\r\n'),
(572, 112, 16, '1129250', '1130', 'SOLDADO LÁSER GM\r\n'),
(573, 112, 16, '1129251', '1140', 'ENSAMBLE DE O-RINGS\r\n'),
(574, 112, 16, '1129252', '1150', 'LLENADO DE ACEITE\r\n'),
(575, 112, 16, '1129253', '1160', 'ENSAMBLE DE RODAMIENTO Y CASQUILLO DE AJUSTE\r\n'),
(576, 112, 16, '1129257', '1230', 'PREENSAMBLE DE GM\r\n'),
(577, 112, 16, '10052439', '1240', 'INYECCIÓN DE GM\r\n'),
(578, 112, 16, '1129254', '1250', 'AJUSTE ENSAMBLE AGUJA\r\n'),
(579, 112, 16, '1129255', '1260', 'RODAMIENTO Y AGUJA AL FLANGE \r\n'),
(580, 112, 16, '1129256', '1270', 'ENSAMBLE RESORTE Y TAPA \r\n'),
(581, 112, 16, '1129256', '1275', 'ENSAMBLE DE NÚCLEO Y RODAMIENTO\r\n'),
(582, 112, 16, '1130026', '1280', 'ENSAMBLE DE  NÚCLEO Y GM\r\n'),
(583, 112, 16, '1129259', '1290', 'ENSAMBLE DE  FLANGE Y GM\r\n'),
(584, 112, 16, '1129260', '1300', 'SOLDADO LÁSER GM\r\n'),
(585, 112, 16, '1129261', '1310', 'PREENSAMBLE DE PIN A INDUCIDO\r\n'),
(586, 112, 16, '1129262', '1320', 'AJUSTE DE INDUCIDO\r\n'),
(587, 112, 16, '1129263', '1330', 'ENSAMBLE Y SOLDADO LÁSER DE MEMBRANA\r\n'),
(588, 112, 16, '1129264', '1340', 'ENSAMBLE DE O-RINGS\r\n'),
(589, 112, 16, '1129265', '1350', 'LLENADO DE ACEITE\r\n'),
(590, 112, 16, '1129266', '1360', 'CRIMPADO DE TAPA NL\r\n'),
(591, 112, 16, '1129242', '1410', 'PRUEBA HIDRÁULICA  \r\n'),
(592, 112, 16, '1129267', '1420', 'ENSAMBLE BOLA NH E IMPRESIÓN LÁSER\r\n'),
(593, 112, 16, '1129268', '1430', 'INSPECCIÓN VISUAL NL\r\n'),
(594, 113, 16, '1004', '1040', 'Ens de núcleo y bobina a coraza y crimpado.\r\n'),
(595, 113, 16, '9862', '1050', 'Inyección del grupo magnético.\r\n'),
(596, 113, 16, '9717', '1060', 'Ajuste del ensamble de aguja.\r\n'),
(597, 113, 16, '9738', '1070', 'Ensamble rodamiento y pistón al flange.\r\n'),
(598, 113, 16, '9719', '1080', 'Ensamble de bola y tapa clip.\r\n'),
(599, 113, 16, '9725', '1090', 'Pre-ensamble de pin en inducido.\r\n'),
(600, 113, 16, '9716', '1100', 'Ajuste de inducido.\r\n'),
(601, 113, 16, '9715', '110', 'Ensamble y soldado láser del resorte membrana.\r\n'),
(602, 113, 16, '9726', '1120', 'Ensamble de flange, inducido y grupo magnético.\r\n'),
(603, 113, 16, '9718', '1130', 'Soldado láser del grupo magnético y flange.\r\n'),
(604, 113, 16, '9720', '1140', 'Ensamble de o-rings.\r\n'),
(605, 113, 16, '9721', '1150', 'Llenado de aceite.\r\n'),
(606, 113, 16, '9739', '1160', 'Ensamble de rodamiento y casquillo de ajuste.\r\n'),
(607, 113, 16, '9741', '1410', 'Prueba Hidraúlica.\r\n'),
(608, 113, 16, '9732', '1420', 'Ensamble de la bola NH e impresión láser.\r\n'),
(609, 113, 16, '9742', '1430', 'Inspección final.\r\n'),
(610, 113, 16, '9740', '1230', 'Ensamble de coraza, bobina y anillo de rebordeado\r\n'),
(611, 113, 16, '9863', '1240', 'Inyección del grupo magnético\r\n'),
(612, 113, 16, '9728', '1250', 'Ajuste del ensamble aguja\r\n'),
(613, 113, 16, '9724', '1260', 'Ensamble rodamiento y pistón al flange\r\n'),
(614, 113, 16, '9733', '1270', 'Ensamble de bola y tapa clip\r\n'),
(615, 113, 16, '1008', '1275', 'Ensamble de nucleo magnético y rodamiento\r\n'),
(616, 113, 16, '9727', '1280', 'Ensamble de grupo magnético y núcleo magnético\r\n'),
(617, 113, 16, '9736', '1290', 'Ensamble de flange y grupo magnético\r\n'),
(618, 113, 16, '9729', '1300', 'Soldado láser del grupo magnético y flange.\r\n'),
(619, 113, 16, '9737', '1310', 'Pre-ensamble de Pin en inducido\r\n'),
(620, 113, 16, '9730', '1320', 'Ajuste de inducido.(Del flange al grupo magnético)\r\n'),
(621, 113, 16, '9731', '1330', 'Ensamble y soldado láser del resorte membrana\r\n'),
(622, 113, 16, '9734', '1340', 'Ensamble de o-rings.\r\n'),
(623, 113, 16, '9735', '1350', 'Llenado de aceite\r\n'),
(624, 113, 16, '9722', '1360', 'Ensamble y rebordeado de la tapa\r\n'),
(625, 113, 16, '9741', '1410', 'Prueba Hidraúlica.\r\n'),
(626, 114, 18, '10075091', '1040', 'PREENSAMBLE DE GM\r\n'),
(627, 114, 18, '1129987', '1050', ' INYECCIÓN DE GM\r\n'),
(628, 114, 18, '1128988', '1060', 'AJUSTE ENSAMBLE AGUJA\r\n'),
(629, 114, 18, '1127989', '1070', 'RODAMIENTO Y PISTON A  FLANGE\r\n'),
(630, 114, 18, '1126990', '1080', 'ENSAMBLE BOLA Y TAPA \r\n'),
(631, 114, 18, '1125991', '1090', 'PREENSAMBLE DE PIN E INDUCIDO\r\n'),
(632, 114, 18, '1124992', '1100', 'AJUSTE DE INDUCIDO\r\n'),
(633, 114, 18, '1123993', '1110', ' ENSAMBLE Y SOLDADO LÁSER DE MEBRANA\r\n'),
(634, 114, 18, '1122994', '1120', 'ENSAMBLE DE GM EN FLANGE\r\n'),
(635, 114, 18, '1121995', '1130', 'SOLDADO LÁSER GM\r\n'),
(636, 114, 18, '100755099', '1140', 'ENSAMBLE DE O-RINGS\r\n'),
(637, 114, 18, '1120996', '1150', 'LLENADO DE ACEITE\r\n'),
(638, 114, 18, '1119997', '1160', 'ENSAMBLE DE RODAMIENTO Y CASQUILLO DE AJUSTE\r\n'),
(639, 114, 18, '1129976', '1230', 'PREENSAMBLE DE GM\r\n'),
(640, 114, 18, '1130004', '1240', 'INYECCIÓN DE GM\r\n'),
(641, 114, 18, '1129973', '1250', 'AJUSTE ENSAMBLE AGUJA\r\n'),
(642, 114, 18, '1129974', '1260', 'RODAMIENTO Y AGUJA AL FLANGE \r\n'),
(643, 114, 18, '1129975', '1270', 'ENSAMBLE RESORTE Y TAPA \r\n'),
(644, 114, 18, '1129977', '1275', 'ENSAMBLE DE NÚCLEO Y RODAMIENTO\r\n'),
(645, 114, 18, '1129978', '1280', 'ENSAMBLE DE  NÚCLEO Y GM\r\n'),
(646, 114, 18, '1129979', '1290', 'ENSAMBLE DE  FLANGE Y GM\r\n'),
(647, 114, 18, '1129980', '1300', 'SOLDADO LÁSER GM\r\n'),
(648, 114, 18, '1129981', '1310', 'PREENSAMBLE DE PIN A INDUCIDO\r\n'),
(649, 114, 18, '1129982', '1320', 'AJUSTE DE INDUCIDO\r\n'),
(650, 114, 18, '1129983', '1330', 'ENSAMBLE Y SOLDADO LÁSER DE MEMBRANA\r\n'),
(651, 114, 18, '10071001', '1340', 'ENSAMBLE DE O-RINGS\r\n'),
(652, 114, 18, '1129984', '1350', 'LLENADO DE ACEITE\r\n'),
(653, 114, 18, '1129985', '1360', 'CRIMPADO DE TAPA NL\r\n'),
(654, 114, 18, '1130000', '1410', 'PRUEBA HIDRÁULICA  \r\n'),
(655, 114, 18, '1129999', '1420', 'ENSAMBLE BOLA NH E IMPRESIÓN LÁSER\r\n'),
(656, 114, 18, '1130003', '1430', 'INSPECCIÓN VISUAL NL\r\n'),
(657, 115, 17, '10117274', '1030', 'Inyección de flange\r\n'),
(658, 115, 17, '10117273', '1040', 'Ensamble de nucleo magnetico, bobina y crimpado de coraza\r\n'),
(659, 115, 17, '10117272', '1050', 'Inyección de grupo magnetico NH\r\n'),
(660, 115, 17, '10117271', '1070', 'Ensamble de rodamiento y spool en flange NH\r\n'),
(661, 115, 17, '10117270', '1080', 'Ensamble de resorte y tapa en flange NH\r\n'),
(662, 115, 17, '10117267', '1090', 'Pre ensamble de pin a inducido NH\r\n'),
(663, 115, 17, '10117266', '1100', 'Ajuste de inducido NH\r\n'),
(664, 115, 17, '10117265', '1120', 'Ensamble de grupo magnetico en flange NH\r\n'),
(665, 115, 17, '10117264', '1150', 'Ensamble de orings NH\r\n'),
(666, 115, 17, '10117263', '1160', 'Ensamble de rodamiento, resorte y casquillo de ajuste\r\n'),
(667, 115, 17, '10117262', '1230', 'Ensamble de bobina, coraza y anillo de rebordeado NL\r\n'),
(668, 115, 17, '10117261', '1240', 'Inyección de grupo magnetico NL\r\n'),
(669, 115, 17, '10117260', '1260', 'Ensamble de rodamiento y spool en flange NL\r\n'),
(670, 115, 17, '10117259', '1270', 'Ensamble de resorte y tapa en flange NL\r\n'),
(671, 115, 17, '10117258', '1280', 'Ensamble de nucleo magnetico a grupo magnetico NL\r\n'),
(672, 115, 17, '10117257', '1290', 'Ensamble de grupo magnetico a flange NL\r\n'),
(673, 115, 17, '10117256', '1310', 'Pre ensamble de pin a inducido NL\r\n'),
(674, 115, 17, '10117255', '1320', 'Ajuste de inducido NL\r\n'),
(675, 115, 17, '10117254', '1330', 'Ensamble de orings NL\r\n'),
(676, 115, 17, '10117512', '1350', 'Sorting Machine\r\n'),
(677, 115, 17, '10117253', '1355', 'Ensamble de rodamiento a tapa NL\r\n'),
(678, 115, 17, '10117250', '1360', 'Crimpado de tapa NL\r\n'),
(679, 115, 17, '10117251', '1410', 'Banco de Pruebas\r\n'),
(680, 115, 17, '10117252', '1420', 'Ensamble de bola, aspirado y marcado laser\r\n'),
(681, 115, 17, 'N.A', '1430', 'Inspección visual\r\n'),
(682, 116, 19, '', '1010', ' Ensamble de anillo filtro al flange\r\n'),
(683, 116, 19, '', '1020', 'Ensamble de anillo y aguja\r\n'),
(684, 116, 19, '', '1030', 'Ensamble de rodamiento, aguja al flange\r\n'),
(685, 116, 19, '', '1040', 'Ensamble de filtro semiesférico al flange e inserción de bola\r\n'),
(686, 116, 19, '', '1050', 'Ensamble de rodamiento al flange\r\n'),
(687, 116, 19, '', '1060', 'Ensamble de bobina y flange\r\n'),
(688, 116, 19, '', '1070', 'Ensamble de rodamiento en cuerpo polar\r\n'),
(689, 116, 19, '', '1080', 'Ajuste de inducido\r\n'),
(690, 116, 19, '', '1100', 'Ensamble y crimpado de coraza\r\n'),
(691, 116, 19, '', '1120', 'Llenado de aceite, ensamble de guias de contacto, ensamble de tornillo de ajuste\r\n'),
(692, 116, 19, '', '1130', 'Soldado de terminales\r\n'),
(693, 116, 19, '', '1150', 'Ensamble de O-rings 14.5 mm\r\n'),
(694, 116, 19, '', '1155', 'Ensamble de O-rings 10.5 mm\r\n'),
(695, 116, 19, '', '1160', 'Limpieza por medio de soplado\r\n'),
(696, 116, 19, '', '1170', 'Estación de visión\r\n'),
(697, 116, 19, '', '1200', 'Banco de pruebas\r\n'),
(698, 116, 19, '', '1250', 'Medida del tornillo de ajuste\r\n'),
(699, 116, 19, '', '1300', 'Marcado láser\r\n'),
(700, 116, 19, '', '1310', 'Ensamble de tapa a guía de contacto\r\n'),
(701, 116, 19, '', '1350', 'Inspección Visual\r\n'),
(702, 118, 20, '', '1010', 'Ensamble de filtro semi-esférico al flange\r\n'),
(703, 118, 20, '', '1020', 'Ensamble de anillo filtro al flange\r\n'),
(704, 118, 20, '', '1030', 'Ensamble de anillo y aguja\r\n'),
(705, 118, 20, '', '1040', 'Ensamble de rodamiento, aguja al flange\r\n'),
(706, 118, 20, '', '1050', 'Ensamble del rodamiento al flange\r\n'),
(707, 118, 20, '', '1060', 'Ensamble de bobina y flange\r\n'),
(708, 118, 20, '', '1070', 'Ensamble de rodamiento en cuerpo polar.\r\n'),
(709, 118, 20, '', '1080', 'Ajuste de inducido y ensamble de cuerpo polar\r\n'),
(710, 118, 20, '', '1100', 'Ensamble y crimpado de coraza\r\n'),
(711, 118, 20, '', '1120', 'Llenado de aceite, ensamble de guias de contacto, ensamble de tornillo de ajuste\r\n'),
(712, 118, 20, '', '1130', 'Soldado de terminales\r\n'),
(713, 118, 20, '', '1150', 'Ensamble de  O-ring 13 mm\r\n'),
(714, 118, 20, '', '1155', 'Ensamble de  O-ring 10.5 mm\r\n'),
(715, 118, 20, '', '1160', 'Limpieza por medio de soplado\r\n'),
(716, 118, 20, '', '1170', 'Vision system\r\n'),
(717, 118, 20, '', '1180', 'Prueba Hidráulica\r\n'),
(718, 118, 20, '', '1190', 'Medida del tornillo de ajuste\r\n'),
(719, 118, 20, '', '1200', 'Prueba eléctrica y marcado láser \r\n'),
(720, 118, 20, '', '1210', 'Inspección Visual\r\n'),
(721, 119, 21, '', '900', 'Ensamble de terminales\r\n'),
(722, 119, 21, '', '910', 'Bobinado\r\n'),
(723, 119, 21, '', '920', 'Soldado de terminales\r\n'),
(724, 119, 21, '', '930', 'Ensaamble de joke y Nucleo\r\n'),
(725, 119, 21, '', '1000', 'Inyección\r\n'),
(726, 119, 21, '', '1010', 'Ensamble de gruo magnetico, inducido, resorte y washer\r\n'),
(727, 119, 21, '', '1020', 'Soldado de anillo por ultrasonido\r\n'),
(728, 119, 21, '', '1030', 'Limpieza x aspirado\r\n'),
(729, 119, 21, '', '1040', 'Ensamble de filtro y preensamble de lead frame\r\n'),
(730, 119, 21, '', '1050', 'Atornillado de lead frame\r\n'),
(731, 119, 21, '', '1060', 'Soldado de terminales \r\n'),
(732, 119, 21, '', '1200', 'Prueba Hidraulica\r\n'),
(733, 119, 21, '', '1300', 'Marcado Laser\r\n'),
(734, 119, 21, '', '1400', 'GP12\r\n'),
(735, 117, 22, '', '1010', 'Ensamble de pole piece y flux washer\r\n'),
(736, 117, 22, '', '1020', 'Inyectora\r\n'),
(737, 117, 22, '', '1030', 'Doblado de terminales \r\n'),
(738, 117, 22, '', '1040', 'Bobinado\r\n'),
(739, 117, 22, '', '1050', 'Inspeccion del bobinado, soldadura, doblado de terminales y verif de resistencia\r\n'),
(740, 117, 22, '', '1060', 'Rolado\r\n'),
(741, 117, 22, '', '1065', 'Doblado de terminales GFx\r\n'),
(742, 117, 22, '', '1070', 'Colocacion de la tapa\r\n'),
(743, 117, 22, '', '1071/5', 'Ensamble de O\'Ring\r\n'),
(744, 117, 22, '', '1080', 'Ensamble de balin, resorte, filtro, ribeteado y prueba hi-pot\r\n'),
(745, 117, 22, '', '1090', 'EoLT\r\n'),
(746, 117, 22, '', '1100', 'Aspirado\r\n'),
(747, 117, 22, '', '1110', 'Marcado laser\r\n'),
(748, 117, 22, '', '1120', 'Lectura codigo matrix GFx\r\n'),
(749, 117, 22, '', '1130', 'Inspeccion 100%\r\n'),
(750, 93, 42, '1138656', '1010', 'Coil body winding\r\n'),
(751, 93, 42, '1138657', '1020', 'Coil body diameter measurement \r\n'),
(752, 93, 42, '1138658', '1030', 'Hot staking\r\n'),
(753, 93, 42, '1138659', '1040', 'Assembly of metal ring\r\n'),
(754, 93, 42, '1138660', '1050', 'Electrical testing\r\n'),
(755, 93, 42, '1138661', '1060', 'Cut wire\r\n'),
(756, 93, 42, '1138662', '1065', 'Remove cut  wire\r\n'),
(757, 93, 42, '0011', '1068', 'Load and unload stator\r\n'),
(758, 93, 42, '1138663', '1070', 'Assembly of PCB and stator in motor housing\r\n'),
(759, 93, 42, '1138664', '1080', 'Coining and assembly of hall sensor and assembly of stator \r\n'),
(760, 93, 42, '1138665', '1090', 'Wetting of shaft seal band impeller and pump inner housing assembly\r\n'),
(761, 93, 42, '1138666', '1100', 'Assembly of O-ring 3-lugs washer and pump outler housing\r\n'),
(762, 93, 42, '1138667', '1110', 'Screwing of pump\r\n'),
(763, 93, 42, '1138668', '1120', 'Soldering\r\n'),
(764, 93, 42, '1138669', '1130', 'Visual inspection of soldering points\r\n'),
(765, 93, 42, '1138670', '1140', 'Laser welding of rear cover\r\n'),
(766, 93, 42, '1138671', '1150', 'Programming of pump and PI-testing\r\n'),
(767, 93, 42, '1138672', '1160', 'Leakage test of pump \r\n'),
(768, 93, 42, '1138673', '1170', 'Reading program\r\n'),
(769, 93, 42, '1138673', '1180', 'Laser marking\r\n'),
(770, 93, 42, '1138753', '1190', 'Isolator Assembly\r\n'),
(771, 93, 42, '1138754', '1200', 'Bracket Assembly\r\n'),
(772, 93, 42, '1140061', '1205', 'Bracket Assembly\r\n'),
(773, 93, 42, '0013', '1210', 'Final Inspection\r\n'),
(774, 93, 42, '', '', 'POUP Provedor a punto de uso \r\n'),
(775, 107, 26, '1137045', '1010', 'Atornillado de motor derecho a tolva\r\n'),
(776, 107, 26, '1137045', '1015', 'Atornillado de motor izquierdo a tolva\r\n'),
(777, 107, 26, '1137044', '1020', 'Atornillado de Ventilador derecho\r\n'),
(778, 107, 26, '1137044', '1030', 'Atornillado de Ventilador Izquierdo\r\n'),
(779, 107, 26, '1137043', '1040', 'Balanceo y Prueba Electrica\r\n'),
(780, 107, 26, '1137042', '1050', 'Inspeccion Visual\r\n'),
(781, 107, 26, '1137041', '1060', 'GP12\r\n'),
(782, 107, 26, '1138791', '2010', 'Ens.Manual\r\n'),
(783, 107, 26, '1138790', '2020', 'Atornillado del Tanque y Bomba\r\n'),
(784, 107, 26, '1138793', '2030', 'Separador de Aire y Montaje de Abrazaderas.\r\n'),
(785, 107, 26, '1138792', '2040', 'Inspeccion de camara y verificacion de abrazaderas\r\n'),
(786, 108, 29, '1140977', '3310', 'Aplicación de adhesivo\r\n'),
(787, 108, 29, '1140978', '3320', 'Colocación de imanes en clamping\r\n'),
(788, 108, 29, '1140979', '3330', 'Ensamble imanes\r\n'),
(789, 108, 29, '1140980', '3340', 'Estación de curado inductivo\r\n'),
(790, 108, 29, '1140981', '3350', 'Estación de enfriamiento de rotor\r\n'),
(791, 108, 29, '1140982', '3360', 'Ensamble de rodamiento B\r\n'),
(792, 108, 29, '1140983', '3370', 'Ensamble de rodamiento A y anillo separador\r\n'),
(793, 108, 29, '1140984', '3380', 'Ensamble de retén\r\n'),
(794, 108, 29, '1140985', '3390', 'Verificación de diametro interno\r\n'),
(795, 108, 29, '1140986', '3395', 'Inspección visual de rotor\r\n'),
(796, 108, 29, '1140987', '3010', 'Ensamble aislantes\r\n'),
(797, 108, 29, '11409888', '3020', 'Ensamble de soporte de devanado\r\n'),
(798, 108, 29, '1140989', '3030', 'Devanadora de agujas 1\r\n'),
(799, 108, 29, '', '3040', 'Devanadora de agujas 2\r\n'),
(800, 108, 29, '1140990', '3050', 'Doblado de ganchos\r\n'),
(801, 108, 29, '1140991', '3060', 'Posición final de soporte de devanado\r\n'),
(802, 108, 29, '', '3070', 'Compresión de bobinas para motor ECM\r\n'),
(803, 108, 29, '1140992', '3080', 'Soldado de ganchos del estator\r\n'),
(804, 108, 29, '1140993', '3090', 'Prueba eléctrica del estator\r\n'),
(805, 108, 29, '1140994', '3095', 'Inspección visual de estator\r\n'),
(806, 108, 29, '1140995', '1100', 'Ensamble de membrana DAE\r\n'),
(807, 108, 29, '', '1200', 'Ensamble de peliculas TO y verificación por camara (ECM)\r\n'),
(808, 108, 29, '', '1300', 'Prueba de la membrana \r\n'),
(809, 108, 29, '1140996', '1400', 'Dispensado de gapfiller en soporte de motor\r\n'),
(810, 108, 29, '1140997', '1500', 'Ensamble de la electronica\r\n'),
(811, 108, 29, '', '1600', 'Ensamble de resortes planos (ECM)\r\n'),
(812, 108, 29, '1140998', '1700', 'Atornillado de la electronica en soporte de motor\r\n'),
(813, 108, 29, '1140999', '1800', 'Ensamble de sello y tapa del arnés\r\n'),
(814, 108, 29, '1141000', '1900', 'Ensamble de conector (FED)\r\n'),
(815, 108, 29, '1141001', '2000', 'Carga de tapa de aluminio y soporte del motor en el pallet\r\n'),
(816, 108, 29, '1141002', '2100', 'Ensamble del arnés\r\n'),
(817, 108, 29, '1141012', '2200', 'Verificación del resorte plano y arnés\r\n'),
(818, 108, 29, '1141013', '2300', 'Soldado de conector y arnés\r\n'),
(819, 108, 29, '1141014', '2400', 'Dispensado de gapfiller en la electrónica\r\n'),
(820, 108, 29, '1141011', '2500', 'Limpieza por plasma\r\n'),
(821, 108, 29, '1141015', '2600', 'Aplicación del sellador liquido1\r\n'),
(822, 108, 29, '', '2600', 'Aplicación del sellador liquido2\r\n'),
(823, 108, 29, '1141016', '2700', 'Inspección del sellador líquido\r\n'),
(824, 108, 29, '1141017', '2800', 'Ensamble tapa en soporte de motor\r\n'),
(825, 108, 29, '1141018', '2900', 'Atornillado de tapa de aluminio 1\r\n'),
(826, 108, 29, '', '2900', 'Atornillado de tapa de aluminio 2\r\n'),
(827, 108, 29, '1410119', '3000', 'Ensamble de sellos de pines en electrónica (EAD)\r\n'),
(828, 108, 29, '1141020', '3100', 'Ensamble estator\r\n'),
(829, 108, 29, '1141021', '3200', 'Atornillado de estator\r\n'),
(830, 108, 29, '1141022', '3300', 'Soldadora de pines de la electrónica\r\n'),
(831, 108, 29, '1141023', '3400', 'Magnetizadora FED\r\n'),
(832, 108, 29, '', '3500', 'Magnetizadora ECM\r\n'),
(833, 108, 29, '1141024', '3600', 'Ensamble de rotor y resorte de compresión\r\n'),
(834, 108, 29, '1141025', '3700', 'Ensamble de clip \"C\"\r\n'),
(835, 108, 29, '1141030', '3800', 'Carga de software y prueba de electrónica 1\r\n'),
(836, 108, 29, '', '3850', 'Carga de software y prueba de electrónica 2\r\n'),
(837, 108, 29, '1141027', '3900', 'Banco de prueba eléctrica 1\r\n'),
(838, 108, 29, '', '3950', 'Banco de prueba eléctrica 2\r\n'),
(839, 108, 29, '1141028', '4000', 'Grabado por laser\r\n'),
(840, 108, 29, '1141029', '4100', 'Inspección visual\r\n'),
(841, 108, 29, '', 'Periférica', 'POUP\r\n');
INSERT INTO `sam` (`idsam`, `idlinea`, `idusuario`, `ma`, `op`, `descripcion`) VALUES
(842, 108, 29, '', 'Periférica', 'Lubricación de tornillo\r\n'),
(844, 105, 29, '1134358', '3310', 'Aplicación de adhesivo\r\n'),
(845, 105, 29, '1134359', '3320', 'Colocación de imanes en clamping\r\n'),
(846, 105, 29, '1134360', '3330', 'Ensamble imanes\r\n'),
(847, 105, 29, '1134363', '3340', 'Estación de curado inductivo\r\n'),
(848, 105, 29, '3350', '1134364', 'Estación de enfriamiento de rotor\r\n'),
(849, 105, 29, '1134365', '3360', 'Ensamble de rodamiento B\r\n'),
(850, 105, 29, '1134366', '3370', 'Ensamble de rodamiento A y anillo separador\r\n'),
(851, 105, 29, '1134367', '3380', 'Ensamble de retén\r\n'),
(852, 105, 29, '1134368', '3390', 'Verificación de diametro interno\r\n'),
(853, 105, 29, '7704', '3395', 'Inspección visual de rotor\r\n'),
(854, 105, 29, '7702', '3010', 'Ensamble aislantes\r\n'),
(855, 105, 29, '1134375', '3020', 'Ensamble de soporte de devanado\r\n'),
(856, 105, 29, '1134376', '3030', 'Devanadora de agujas 1\r\n'),
(857, 105, 29, '1138936', '3040', 'Devanadora de agujas 2\r\n'),
(858, 105, 29, '1134377', '3050', 'Doblado de ganchos\r\n'),
(859, 105, 29, '1134378', '3060', 'Posición final de soporte de devanado\r\n'),
(860, 105, 29, '', '3070', 'Compresión de bobinas para motor ECM\r\n'),
(861, 105, 29, '1134379', '3080', 'Soldado de ganchos del estator\r\n'),
(862, 105, 29, '1134380', '3090', 'Prueba eléctrica del estator\r\n'),
(863, 105, 29, '7703', '3095', 'Inspección visual de estator\r\n'),
(864, 105, 29, '1134382', '1100', 'Ensamble de membrana DAE\r\n'),
(865, 105, 29, '', '1200', 'Ensamble de peliculas TO y verificación por camara (ECM)\r\n'),
(866, 105, 29, '', '1300', 'Prueba de la membrana \r\n'),
(867, 105, 29, '1134383', '1400', 'Dispensado de gapfiller en soporte de motor\r\n'),
(868, 105, 29, '1134384', '1500', 'Ensamble de la electronica\r\n'),
(869, 105, 29, '', '1600', 'Ensamble de resortes planos (ECM)\r\n'),
(870, 105, 29, '1134385', '1700', 'Atornillado de la electronica en soporte de motor\r\n'),
(871, 105, 29, '1134386', '1800', 'Ensamble de sello y tapa del arnés\r\n'),
(872, 105, 29, '1134387', '1900', 'Ensamble de conector (FED)\r\n'),
(873, 105, 29, '1134388', '2000', 'Carga de tapa de aluminio y soporte del motor en el pallet\r\n'),
(874, 105, 29, '1134389', '2100', 'Ensamble del arnés\r\n'),
(875, 105, 29, '1134390', '2200', 'Verificación del resorte plano y arnés\r\n'),
(876, 105, 29, '1134391', '2300', 'Soldado de conector y arnés\r\n'),
(877, 105, 29, '1134392', '2400', 'Dispensado de gapfiller en la electrónica\r\n'),
(878, 105, 29, '1134394', '2500', 'Limpieza por plasma\r\n'),
(879, 105, 29, '1134395', '2600', 'Aplicación del sellador liquido1\r\n'),
(880, 105, 29, '', '2600', 'Aplicación del sellador liquido2\r\n'),
(881, 105, 29, '1134396', '2700', 'Inspección del sellador líquido\r\n'),
(882, 105, 29, '1134397', '2800', 'Ensamble tapa en soporte de motor\r\n'),
(883, 105, 29, '1134398', '2900', 'Atornillado de tapa de aluminio 1\r\n'),
(884, 105, 29, '1138938', '2900', 'Atornillado de tapa de aluminio 2\r\n'),
(885, 105, 29, '1134399', '3000', 'Ensamble de sellos de pines en electrónica (EAD)\r\n'),
(886, 105, 29, '1134400', '3100', 'Ensamble estator\r\n'),
(887, 105, 29, '1134401', '3200', 'Atornillado de estator\r\n'),
(888, 105, 29, '1134402', '3300', 'Soldadora de pines de la electrónica\r\n'),
(889, 105, 29, '1134403', '3400', 'Magnetizadora FED\r\n'),
(890, 105, 29, '', '3500', 'Magnetizadora ECM\r\n'),
(891, 105, 29, '1134404', '3600', 'Ensamble de rotor y resorte de compresión\r\n'),
(892, 105, 29, '1134405', '3700', 'Ensamble de clip \"C\"\r\n'),
(893, 105, 29, '1134406', '3800', 'Carga de software y prueba de electrónica 1\r\n'),
(894, 105, 29, '1138943', '3850', 'Carga de software y prueba de electrónica 2\r\n'),
(895, 105, 29, '1134407', '3900', 'Banco de prueba eléctrica 1\r\n'),
(896, 105, 29, '1138937', '3950', 'Banco de prueba eléctrica 2\r\n'),
(897, 105, 29, '1134408', '4000', 'Grabado por laser\r\n'),
(898, 105, 29, '7705', '4100', 'Inspección visual\r\n'),
(899, 105, 29, '', 'Periférica', 'POUP\r\n'),
(900, 105, 29, '', 'Periférica', 'Lubricación de tornillo\r\n'),
(1021, 106, 29, '10119246', '3310', 'Aplicación de adhesivo\r\n'),
(1022, 106, 29, '10119245', '3320', 'Colocación de imanes en clamping\r\n'),
(1023, 106, 29, '10119244', '3330', 'Ensamble imanes\r\n'),
(1024, 106, 29, '10119243', '3340', 'Estación de curado inductivo\r\n'),
(1025, 106, 29, '10119242', '3350', 'Estación de enfriamiento de rotor\r\n'),
(1026, 106, 29, '10119241', '3360', 'Ensamble de rodamiento B\r\n'),
(1027, 106, 29, '10119240', '3370', 'Ensamble de rodamiento A y anillo separador\r\n'),
(1028, 106, 29, '10119239', '3380', 'Ensamble de retén\r\n'),
(1029, 106, 29, '10119238', '3390', 'Verificación de diametro interno\r\n'),
(1030, 106, 29, '7804', '3395', 'Inspección visual de rotor\r\n'),
(1031, 106, 29, '7802', '3010', 'Ensamble aislantes\r\n'),
(1032, 106, 29, '109255', '3020', 'Ensamble de soporte de devanado\r\n'),
(1033, 106, 29, '10119254', '3030', 'Devanadora de agujas 1\r\n'),
(1034, 106, 29, '10119253', '3040', 'Devanadora de agujas 2\r\n'),
(1035, 106, 29, '10119252', '3050', 'Doblado de ganchos\r\n'),
(1036, 106, 29, '10119251', '3060', 'Posición final de soporte de devanado\r\n'),
(1037, 106, 29, '10119250', '3070', 'Compresión de bobinas para motor ECM\r\n'),
(1038, 106, 29, '10119249', '3080', 'Soldado de ganchos del estator\r\n'),
(1039, 106, 29, '10119248', '3090', 'Prueba eléctrica del estator\r\n'),
(1040, 106, 29, '10119251', '3095', 'Inspección visual de estator\r\n'),
(1041, 106, 29, '10119208', '1100', 'Ensamble de membrana DAE\r\n'),
(1042, 106, 29, '10119209', '1200', 'Ensamble de peliculas TO y verificación por camara (ECM)\r\n'),
(1043, 106, 29, '10119210', '1300', 'Prueba de la membrana \r\n'),
(1044, 106, 29, '10119211', '1400', 'Dispensado de gapfiller en soporte de motor\r\n'),
(1045, 106, 29, '10119212', '1500', 'Ensamble de la electronica\r\n'),
(1046, 106, 29, '10119213', '1600', 'Ensamble de resortes planos (ECM)\r\n'),
(1047, 106, 29, '10119214', '1700', 'Atornillado de la electronica en soporte de motor\r\n'),
(1048, 106, 29, '10119215', '1800', 'Ensamble de sello y tapa del arnés\r\n'),
(1049, 106, 29, '10119216', '1900', 'Ensamble de conector (FED)\r\n'),
(1050, 106, 29, '10119217', '2000', 'Carga de tapa de aluminio y soporte del motor en el pallet\r\n'),
(1051, 106, 29, '10119207', '2100', 'Ensamble del arnés\r\n'),
(1052, 106, 29, '10119206', '2200', 'Verificación del resorte plano y arnés\r\n'),
(1053, 106, 29, '10119218', '2300', 'Soldado de conector y arnés\r\n'),
(1054, 106, 29, '10119219', '2400', 'Dispensado de gapfiller en la electrónica\r\n'),
(1055, 106, 29, '10119220', '2500', 'Limpieza por plasma\r\n'),
(1056, 106, 29, '10119236', '2600', 'Aplicación del sellador liquido1\r\n'),
(1057, 106, 29, '1138941', '2600', 'Aplicación del sellador liquido2\r\n'),
(1058, 106, 29, '10119235', '2700', 'Inspección del sellador líquido\r\n'),
(1059, 106, 29, '10119234', '2800', 'Ensamble tapa en soporte de motor\r\n'),
(1060, 106, 29, '', '2900', 'Atornillado de tapa de aluminio 1\r\n'),
(1061, 106, 29, '10119233', '2900', 'Atornillado de tapa de aluminio 2\r\n'),
(1062, 106, 29, '10119232', '3000', 'Ensamble de sellos de pines en electrónica (EAD)\r\n'),
(1063, 106, 25, '10119231', '3100', 'Ensamble estator\r\n'),
(1064, 106, 29, '10119230', '3200', 'Atornillado de estator\r\n'),
(1065, 106, 29, '10119229', '3300', 'Soldadora de pines de la electrónica\r\n'),
(1066, 106, 29, '10119228', '3400', 'Magnetizadora FED\r\n'),
(1067, 106, 29, '10119227', '3500', 'Magnetizadora ECM\r\n'),
(1068, 106, 29, '10119226', '3600', 'Ensamble de rotor y resorte de compresión\r\n'),
(1069, 106, 29, '10119225', '3700', 'Ensamble de clip \"C\"\r\n'),
(1070, 106, 29, '10119224', '3800', 'Carga de software y prueba de electrónica 1\r\n'),
(1071, 106, 29, '1138942', '3850', 'Carga de software y prueba de electrónica 2\r\n'),
(1072, 106, 29, '10119223', '3900', 'Banco de prueba eléctrica 1\r\n'),
(1073, 106, 29, '1138939', '3950', 'Banco de prueba eléctrica 2\r\n'),
(1074, 106, 29, '10119222', '4000', 'Grabado por laser\r\n'),
(1075, 106, 29, '7805', '4100', 'Inspección visual\r\n'),
(1076, 106, 29, 'N/A', '9500', 'Proveedora punto de uso Rotor-Estator\r\n'),
(1077, 106, 29, 'N/A', '9501', 'Proveedora punto de uso Motor\r\n'),
(1078, 106, 29, 'N/A', 'N/A', 'Lubricación de tornillo\r\n'),
(1079, 94, 43, '1130708', '1010', 'ENSAMBLE DE FECHA A PAQUETE\r\n'),
(1080, 94, 43, '1130709', '1020', 'ENSAMBLE COLECTOR Y AISLANTE\r\n'),
(1081, 94, 43, '1130711', '1040', 'DEVANADO 1\r\n'),
(1082, 94, 43, '1130712', '1050', 'DEVANADO 2\r\n'),
(1083, 94, 43, '1130713', '1060', 'BAJAR ALAMBRE Y SEPARAR LOS GANCHOS \r\n'),
(1084, 94, 43, '1130714', '1070', 'SEPARADO, COMPACTADO DE BOBINAS Y MEDICIÓN\r\n'),
(1085, 94, 43, '1130714', '1080', 'SEPARADO, COMPACTADO DE BOBINAS Y MEDICIÓN\r\n'),
(1086, 94, 43, '1130714', '1090', 'SEPARADO, COMPACTADO DE BOBINAS Y MEDICIÓN\r\n'),
(1087, 94, 43, '1130753', '1100', 'SOLDADO DE GANCHOS\r\n'),
(1088, 94, 43, '1130754', '1110', 'TORNEADO DE COLECTOR\r\n'),
(1089, 94, 43, '1130755', '1120', ' CARDADO DE COLECTOR\r\n'),
(1090, 94, 43, '1130142', '1130', 'PRUEBA ELECTRICA\r\n'),
(1091, 94, 43, '1130143', '1140', 'BALANCEO DEL INDUCIDO, INSP. FINAL Y EMPAQUE\r\n'),
(1094, 95, 27, '10102191', '1010', 'MAQUINA PARA APLICACION DE ADHESIVO\r\n'),
(1095, 95, 27, '10102190', '1020', 'MAQUINA PARA COLOCAR IMANES EN CORAZA\r\n'),
(1096, 95, 27, '10102188', '1030', 'MAQUINA DE CURADO INDUCTIVO\r\n'),
(1097, 95, 27, '10102187', '1040', 'MAQUINA PARA ENSAMBLAR EL RODAMIENTO\r\n'),
(1098, 95, 27, '10102186', '1050', 'MAQUINA PARA VEFIFICAR DIAMETRO INTERNO\r\n'),
(1099, 95, 27, '10102185', '1060', 'MAQUINA PARA MAGNETIZAR EL ESTATOR\r\n'),
(1100, 95, 27, '10102184', '1070', 'MAQUINA PARA ENSAMBLAR INDUCIDO\r\n'),
(1101, 95, 27, '10102183', '1080', 'ENSAMBLE DE PLACA PORTAESCOBILLA\r\n'),
(1102, 95, 27, '10102182', '1090', 'MAQUINA PARA ENSAMBLAR CHUMACERA Y RETEN\r\n'),
(1103, 95, 27, '1030123', '1100', 'MAQUINA PARA REMACHAR TAPA\r\n'),
(1104, 95, 27, '10102180', '1110', 'BANCO DE PRUEBA ELECTRICA Y RUIDO\r\n'),
(1105, 95, 27, '10107558', '1115', 'MAQUINA DE SOLDADO DE ARNES MOTORES GPG\r\n'),
(1106, 96, 43, '1130134', '1010', 'ENSAMBLE DE FECHA A PAQUETE\r\n'),
(1107, 96, 43, '1130135', '1020', 'ENSAMBLE COLECTOR Y AISLANTE\r\n'),
(1108, 96, 43, '1130136', '1040', 'DEVANADO 1\r\n'),
(1109, 96, 43, '1130137', '1050', 'DEVANADO 2\r\n'),
(1110, 96, 43, '1130138', '1060', 'BAJAR ALAMBRE Y SEPARAR LOS GANCHOS \r\n'),
(1111, 96, 43, '1130479', '1070', 'SEPARADO, COMPACTADO DE BOBINAS Y MEDICIÓN\r\n'),
(1112, 96, 43, '1130479', '1080', 'SEPARADO, COMPACTADO DE BOBINAS Y MEDICIÓN\r\n'),
(1113, 96, 43, '1130479', '1090', 'SEPARADO, COMPACTADO DE BOBINAS Y MEDICIÓN\r\n'),
(1114, 96, 43, '1130139', '1100', 'SOLDADO DE GANCHOS\r\n'),
(1115, 96, 43, '1130140', '1110', 'TORNEADO DE COLECTOR\r\n'),
(1116, 96, 43, '1130141', '1120', ' CARDADO DE COLECTOR\r\n'),
(1117, 96, 43, '1130142', '1130', 'PRUEBA ELECTRICA\r\n'),
(1118, 96, 43, '1130143', '1140', 'BALANCEO DEL INDUCIDO, INSP. FINAL Y EMPAQUE\r\n'),
(1119, 97, 27, '1130238', '1010', 'APLICACION DE ADHESIVO\r\n'),
(1120, 97, 27, '1130237', '1020', 'COLOCAR IMANES EN CORAZA\r\n'),
(1121, 97, 27, '1130236', '1030', 'MAQUINA DE CURADO INDUCTIVO\r\n'),
(1122, 97, 27, '1130235', '1040', 'MAQUINA PARA ENSAMBLAR EL RODAMIENTO\r\n'),
(1123, 97, 27, '1130234', '1050', 'MAQUINA PARA ASPIRAR\r\n'),
(1124, 97, 27, '1130233', '1060', 'MAGNETIZADORA\r\n'),
(1125, 97, 27, '1130232', '1070', 'MAQUINA DE ENSAMBLE INDUCIDO\r\n'),
(1126, 97, 27, '1130425', '1080', 'ENSAMBLE DE PLACA PORTAESCOBILLA\r\n'),
(1127, 97, 27, '1130231', '1090', 'MAQUINA DE ENSAMBLE CHUMACERA\r\n'),
(1128, 97, 27, '1130230', '1100', 'MAQUINA PARA REMACHAR TAPA\r\n'),
(1129, 97, 27, '1130239', '1110', 'BANCO DE PRUEBA ELECTRICA\r\n'),
(1130, 98, 43, '1130263', '1010', 'ENSAMBLE DE FECHA A PAQUETE\r\n'),
(1131, 98, 43, '1130264', '1020', 'ENSAMBLE COLECTOR Y AISLANTE\r\n'),
(1132, 98, 43, '1130265', '1040', 'DEVANADO 1\r\n'),
(1133, 98, 43, '1130266', '1050', 'DEVANADO 2\r\n'),
(1134, 98, 43, '1130267', '1060', 'BAJAR ALAMBRE Y SEPARAR LOS GANCHOS \r\n'),
(1135, 98, 43, '1130478', '1070', 'SEPARADO, COMPACTADO DE BOBINAS Y MEDICIÓN\r\n'),
(1136, 98, 43, '1130478', '1080', 'SEPARADO, COMPACTADO DE BOBINAS Y MEDICIÓN\r\n'),
(1137, 98, 43, '1130478', '1090', 'SEPARADO, COMPACTADO DE BOBINAS Y MEDICIÓN\r\n'),
(1138, 98, 43, '1130888', '1100', 'SOLDADO DE GANCHOS\r\n'),
(1139, 98, 43, '1130270', '1110', 'TORNEADO DE COLECTOR\r\n'),
(1140, 98, 43, '1130271', '1120', ' CARDADO DE COLECTOR\r\n'),
(1141, 98, 43, '1130272', '1130', 'PRUEBA ELECTRICA\r\n'),
(1142, 98, 43, '1130273', '1140', 'BALANCEO DEL INDUCIDO, INSP. FINAL Y EMPAQUE\r\n'),
(1143, 99, 27, '10113705', '1010', 'APLICACION DE ADHESIVO\r\n'),
(1144, 99, 27, '10113706', '1020', 'ENSAMBLE IMANES\r\n'),
(1145, 99, 27, '10113707', '1030', 'CURADO INDUCTIVO\r\n'),
(1146, 99, 27, '10113708', '1040', 'ENSAMBLE DE RETEN RODAMIENTO\r\n'),
(1147, 99, 27, '1130430', '1050', 'VERIFICACION DIAMETRO INTERNO\r\n'),
(1148, 99, 27, '10113710', '1060', 'MAGNETIZADO\r\n'),
(1149, 99, 27, '10113711', '1070', 'ENSAMBLE DE INDUCIDO Y ARRASTRADOR\r\n'),
(1150, 99, 27, '10113713', '1080', 'ENSAMBLE DE PLACA\r\n'),
(1151, 99, 27, '10113713', '1090', 'SUB-ENSAMBLE DE TAPA\r\n'),
(1152, 99, 27, '10113714', '1100', 'REMACHADO DE TAPA\r\n'),
(1153, 99, 27, '10113715', '1110', 'BANCO DE PRUEBA ELECTRICA\r\n'),
(1154, 100, 43, '1130412', '1010', 'ENSAMBLE DE FECHA A PAQUETE\r\n'),
(1155, 100, 43, '1130413', '1020', 'ENSAMBLE COLECTOR Y AISLANTE\r\n'),
(1156, 100, 43, '1130414', '1040', 'DEVANADO 1\r\n'),
(1157, 100, 43, '1130415', '1050', 'DEVANADO 2\r\n'),
(1158, 100, 43, '1130416', '1060', 'BAJAR ALAMBRE Y SEPARAR LOS GANCHOS \r\n'),
(1159, 100, 43, '1130477', '1070', 'SEPARADO, COMPACTADO DE BOBINAS Y MEDICIÓN\r\n'),
(1160, 100, 43, '1130477', '1080', 'SEPARADO, COMPACTADO DE BOBINAS Y MEDICIÓN\r\n'),
(1161, 100, 43, '1130477', '1090', 'SEPARADO, COMPACTADO DE BOBINAS Y MEDICIÓN\r\n'),
(1162, 100, 43, '1130417', '1100', 'SOLDADO DE GANCHOS\r\n'),
(1163, 100, 43, '1130419', '1110', 'TORNEADO DE COLECTOR\r\n'),
(1164, 100, 43, '1130420', '1120', ' CARDADO DE COLECTOR\r\n'),
(1165, 100, 43, '1130421', '1130', 'PRUEBA ELECTRICA\r\n'),
(1166, 100, 43, '1130422', '1140', 'BALANCEO DEL INDUCIDO, INSP. FINAL Y EMPAQUE\r\n'),
(1167, 101, 27, '1130718', '1010', 'APLICACION DE ADHESIVO\r\n'),
(1168, 101, 27, '1130719', '1020', 'ENSAMBLE IMANES\r\n'),
(1169, 101, 27, '1130720', '1030', 'CURADO INDUCTIVO\r\n'),
(1170, 101, 27, '1130721', '1040', 'ENSAMBLE DE RETEN RODAMIENTO\r\n'),
(1171, 101, 27, '1130722', '1050', 'VERIFICACION DIAMETRO INTERNO\r\n'),
(1172, 101, 27, '1130723', '1060', 'MAGNETIZADO\r\n'),
(1173, 101, 27, '1130724', '1070', 'ENSAMBLE DE INDUCIDO Y ARRASTRADOR\r\n'),
(1174, 101, 27, '1130725', '1080', 'ENSAMBLE DE PLACA\r\n'),
(1175, 101, 27, '1130726', '1090', 'SUB-ENSAMBLE DE TAPA\r\n'),
(1176, 101, 27, '1130727', '1100', 'REMACHADO DE TAPA\r\n'),
(1177, 101, 27, '1130728', '1110', 'BANCO DE PRUEBA ELECTRICA\r\n'),
(1178, 103, 28, '10118028', '1010', 'ENSAMBLE TAPA LADO ACCIONAMIENTO Y PPE\r\n'),
(1179, 103, 28, '10118029', '1020', 'PULIDO CHUMACERA\r\n'),
(1180, 103, 28, '10118030', '1030', 'PREDOBLADO DE OREJETAS\r\n'),
(1181, 103, 28, '10118031', '1040', 'ENSAMBLE DE IMANES\r\n'),
(1182, 103, 28, '10118032', '1050', 'RIVETEADO DE CORAZA LADO ACCIONAMIENTO\r\n'),
(1183, 103, 28, '10118056', '1060', 'MAGNETIZADORA\r\n'),
(1184, 103, 28, '10118033', '1070', 'APLICACION DE ADHESIVO\r\n'),
(1185, 103, 28, '10118034', '1080', 'ENSAMBLE DE INDUCIDO\r\n'),
(1186, 103, 28, '10118035', '1090', 'ENSAMBLE DE PPE\r\n'),
(1187, 103, 28, '10118036', '1100', 'RIVETEADO DE CORAZA LADO PPE\r\n'),
(1188, 103, 28, '10118037', '1110', 'PRE-ASENTAMIENTO DEL MOTOR\r\n'),
(1189, 103, 28, '10118058', '1120', 'AJUSTE DE JUEGO AXIAL\r\n'),
(1190, 103, 28, '10118038', '1130', 'ASENTAMIENTO Y GOLPETEO\r\n'),
(1191, 103, 28, '10118057', '1140', 'MEDICION DE JUEGO AXIAL\r\n'),
(1192, 103, 28, '10118055', '1150', 'BANCO DE PRUEBA DE PI\r\n'),
(1193, 103, 28, '10118054', '1160', 'MARCADO LASER\r\n'),
(1194, 103, 28, '10118053', '1170', 'CABINA PARA PRUEBA DE RUIDO SUBJETIVO\r\n'),
(1195, 103, 28, 'N.A', '1180', 'DOBLADO DE OREJETAS\r\n'),
(1196, 103, 28, 'N.A', 'N.A', 'PROVEDOR A PUNTO DE USO POPU\r\n'),
(1198, 104, 28, '10118097', '1010', 'ESTACION PARA CORTE DE PAQUETE\r\n'),
(1199, 104, 28, '10118096', '1020', 'ESTACION PARA RANURADO DE FLECHA\r\n'),
(1200, 104, 28, '10118098', '1030', 'ENSAMBLE FLECHA PAQUETE\r\n'),
(1201, 104, 28, '10118099', '1040', 'ENSAMBLE DE MASCARAS\r\n'),
(1202, 104, 28, '10118100', '1050', 'ENSAMBLE DE COLECTOR\r\n'),
(1203, 104, 28, '10118101', '1060', 'DEVANADORA 1\r\n'),
(1204, 104, 28, '10118102', '1070', 'DEVANADORA 2\r\n'),
(1205, 104, 28, '10118103', '1080', 'DEVANADORA 3\r\n'),
(1206, 104, 28, '10118104', '1090', 'DOBLADO DE GANCHOS, FORMADO\r\n'),
(1207, 104, 28, '10118105', '1100', 'PUNTEADORA\r\n'),
(1208, 104, 28, '10118106', '1110', 'TORNO PARA COLECTOR\r\n'),
(1209, 104, 28, '10118107', '1120', 'CARDADO DE COLECTOR\r\n'),
(1210, 104, 28, '10118108', '1130', 'ENSAMBLE DE ARANDELAS\r\n'),
(1211, 104, 28, '10118109', '1140', 'BANCO DE PRUEBA ELECTRICA\r\n'),
(1212, 104, 28, '10118110', '1150', 'BALANCEADORA SEMIAUTOMATICA # 3\r\n'),
(1213, 104, 28, '10118110', '1150', 'BALANCEADORA SEMIAUTOMATICA #2\r\n'),
(1214, 104, 28, 'N.A', 'N.A', 'PROVEDOR A PUNTO DE USO POPU\r\n'),
(1215, 102, 26, '9001', '1010', 'Pegado de Etiqueta y montaje de motor\r\n'),
(1216, 102, 26, '1130514', '1015', 'Pegado de Proteccion Termica,Atornillado de Resistor y Montaje de motor.\r\n'),
(1217, 102, 26, '2668/10116289', '1020', 'Atornillado de Motor a Tolva\r\n'),
(1218, 102, 26, 'L0688MA', '1025', 'Verificacion de Componentes\r\n'),
(1219, 102, 26, '9002', '1030', 'Ens. De Ventilador y Clip\r\n'),
(1220, 102, 26, '10115795', '1035', 'Ens.Clip y Ventilador.\r\n'),
(1221, 102, 26, '9003', '1040', 'Prueba Electrica y Balanceo.\r\n'),
(1222, 102, 26, '707', '1050', 'Ins. Final y empaque\r\n'),
(1223, 110, 26, '1143093', '1005', 'Ensamble de tapa y motor\r\n'),
(1224, 110, 26, '1143094', '1010', 'Ensamble de coraza, tapa y motorr\r\n'),
(1225, 110, 26, '1143095', '1020', 'Ensamble de ventilador \r\n'),
(1226, 110, 26, '1143096', '1030', 'Balanceo de Modulos\r\n'),
(1227, 110, 26, '1143097', '1035', 'Balanceo de Modulos 2\r\n'),
(1228, 110, 26, '1143098', '1040', 'Etiquetado y empaquetado\r\n'),
(1229, 109, 26, '1135097', '1005', 'Ensamble de tapa y motor\r\n'),
(1230, 109, 26, '1132552', '1010', 'Ensamble de coraza, tapa y motor\r\n'),
(1231, 109, 26, '1132553', '1020', 'Ensamble de ventilador\r\n'),
(1232, 109, 26, '1132555', '1030', 'Balanceo de Modulo\r\n'),
(1233, 109, 26, '1135098', '1035', 'Balanceo de Modulo 2\r\n'),
(1234, 109, 26, '1132554', '1040', 'Etiquetado y empaque\r\n'),
(1235, 46, 31, '1129713', '1010', 'Torneado de flechas\r\n'),
(1236, 46, 31, '1129712', '1010', 'Templado de flechas\r\n'),
(1237, 46, 31, '1129714', '1020', 'Rectificado de flechas\r\n'),
(1238, 46, 31, 'N/A', 'N/A', 'Surtido de barra\r\n'),
(1239, 46, 31, 'N/A', 'N/A', 'Alimentacion de SPMKT\r\n'),
(1240, 46, 31, 'N/A', 'N/A', 'Limpieza de tinas de lodo de esmeril\r\n'),
(1241, 46, 31, 'N/A', 'N/A', 'Recoleccion de SCRAP\r\n'),
(1242, 46, 31, 'N/A', 'N/A', 'Junta diaria de produccion\r\n'),
(1243, 46, 31, 'N/A', 'N/A', 'Auditor de proceso\r\n'),
(1244, 44, 31, '1129269', '1010', 'Torneado de flechas\r\n'),
(1245, 44, 31, '1134667', '1010', 'Torneado de flechas\r\n'),
(1246, 44, 31, '1134666', '1010', 'Torneado de flechas\r\n'),
(1247, 44, 31, '1134098', '1010', 'Torneado de flechas\r\n'),
(1248, 44, 31, '1129220', '1010', 'Templado de flechas\r\n'),
(1249, 44, 31, '1129151', '1020', 'Rectificado de flechas\r\n'),
(1250, 44, 31, 'N/A', 'N/A', 'Surtido de barra\r\n'),
(1251, 44, 31, 'N/A', 'N/A', 'Alimentacion de SPMKT\r\n'),
(1252, 44, 31, 'N/A', 'N/A', 'Limpieza de tinas de lodo de esmeril\r\n'),
(1253, 44, 31, 'N/A', 'N/A', 'Recoleccion de SCRAP\r\n'),
(1254, 44, 31, 'N/A', 'N/A', 'Junta diaria de produccion\r\n'),
(1255, 44, 31, 'N/A', 'N/A', 'Junta diaria de produccion\r\n'),
(1256, 45, 31, '1129466', '1010', 'Torneado de flechas\r\n'),
(1257, 45, 31, '1129467', '1010', 'Templado de flechas\r\n'),
(1258, 45, 31, '1129468', '1020', 'Rectificado de flechas\r\n'),
(1259, 45, 31, 'N/A', 'N/A', 'Surtido de barra\r\n'),
(1260, 45, 30, 'N/A', 'N/A', 'Alimentacion de SPMKT\r\n'),
(1261, 45, 31, 'N/A', 'N/A', 'Limpieza de tinas de lodo de esmeril\r\n'),
(1262, 45, 31, 'N/A', 'N/A', 'Recoleccion de SCRAP\r\n'),
(1263, 45, 31, 'N/A', 'N/A', 'Junta diaria de produccion\r\n'),
(1264, 45, 30, 'N/A', 'N/A', 'Auditor de proceso\r\n'),
(1265, 47, 30, 'N.A', 'N.A', 'SURTIDO DE BARRA DE ACERO\r\n'),
(1266, 47, 30, '1129302', '1010', 'TORNEADO\r\n'),
(1267, 47, 30, '1129303', '1010', 'TORNEADO\r\n'),
(1268, 47, 30, '1128342', '1015', 'TEMPLADO\r\n'),
(1269, 47, 30, '1129296', '1020', 'RECTIFICADO\r\n'),
(1270, 47, 30, 'N.A', 'N.A', 'TRANSPORTE DE MATERIAL\r\n'),
(1271, 47, 30, 'N.A', 'N.A', 'AUDITORIA DE PROCESO\r\n'),
(1272, 47, 30, 'N.A', 'N.A', 'LLENADO DE SUPERMERCADO\r\n'),
(1273, 47, 30, 'N.A', 'N.A', 'MANEJO DE SCRAP \r\n'),
(1274, 47, 30, 'N.A', 'N.A', 'JUNTA DIARIA DE PRODUCCION\r\n'),
(1275, 48, 32, '', '', 'SURTIDO DE BARRA DE ACERO\r\n'),
(1276, 48, 32, '1129304', '1010', 'CORTADO DE BARRA\r\n'),
(1277, 48, 32, '1129295', '1020', 'ROLADO\r\n'),
(1278, 48, 32, '1129305', '1030-1070', 'TORNEADO-LIMPIEZA-MEDICION-EMPAQUE\r\n'),
(1279, 48, 32, '1130149', '1030-1070', 'TORNEADO-LIMPIEZA-MEDICION-EMPAQUE\r\n'),
(1280, 48, 32, 'N.A', '1080', 'INSPECCION VISUAL\r\n'),
(1281, 48, 32, 'N.A', 'N.A', 'TRANSPORTE DE MATERIAL\r\n'),
(1282, 48, 32, 'N.A', 'N.A', 'AUDITORIA DE PROCESO\r\n'),
(1283, 48, 32, 'N.A', 'N.A', 'LLENADO DE SUPERMERCADO\r\n'),
(1284, 48, 32, 'N.A', 'N.A', 'MANEJO DE SCRAP \r\n'),
(1285, 48, 32, 'N.A', 'N.A', 'JUNTA DIARIA DE PRODUCCION\r\n'),
(1286, 42, 52, '1129556', '1010', 'TORNO CNC\r\n'),
(1287, 42, 52, '1129557', '1010', 'TORNO CNC\r\n'),
(1288, 42, 52, '1129558', '1010', 'TORNO CNC\r\n'),
(1289, 42, 52, '1129750', '1025', 'HORNO DE REVENIDO\r\n'),
(1290, 42, 52, 'N/A', 'N/A', 'ALIMENTACIÓN DE SPMKT\r\n'),
(1291, 42, 52, 'N/A', 'N/A', 'JUNTA DIARIA DE PRODUCCIÓN\r\n'),
(1292, 42, 52, 'N/A', 'N/A', 'AUDITORIA DE PRODUCTO\r\n'),
(1293, 42, 52, 'N/A', 'N/A', 'LIBERACIÓN DE PRODUCTO\r\n'),
(1294, 42, 52, 'N/A', 'N/A', 'SURTIDO DE BARRA EN TORNOS\r\n'),
(1295, 43, 52, '', '', 'RECTIFICADORA\r\n'),
(1296, 43, 52, '', '', 'TEMPLADORA\r\n'),
(1297, 43, 52, '', '', 'TORNO CNC\r\n'),
(1298, 43, 52, '', '', 'RANURADORA DE FLECHAS\r\n'),
(1299, 43, 52, '', '', 'RANURADORA PARA FLECHA\r\n'),
(1300, 43, 52, '', '', 'RANURADORA DE FLECHAS\r\n'),
(1301, 43, 52, '', '', 'ALIMENTACIÓN DE SPMKT\r\n'),
(1302, 43, 52, '', '', 'JUNTA DIARIA DE PRODUCCIÓN\r\n'),
(1303, 43, 52, '', '', 'AUDITORIA DE PRODUCTO\r\n'),
(1304, 43, 52, '', '', 'LIBERACIÓN DE PRODUCTO\r\n'),
(1305, 43, 52, '', '', 'SURTIDO DE BARRA EN TORNOS\r\n'),
(1306, 49, 31, '1128339', '1020', 'TEMPLADORA DE FLECHA P/INDUC.\r\n'),
(1307, 49, 31, '1128340', '1030', 'RECTIFICADORA DE FLECHAS\r\n'),
(1308, 49, 32, '1129337', '1010', 'TORNO CNC\r\n'),
(1309, 49, 31, '1129338', '1010', 'TORNO CNC\r\n'),
(1310, 49, 31, '1135363', '1010', 'TORNO CNC\r\n'),
(1311, 49, 31, 'N/A', 'N/A', 'ALIMENTACIÓN DE SPMKT\r\n'),
(1312, 49, 31, 'N/A', 'N/A', 'JUNTA DIARIA DE PRODUCCIÓN\r\n'),
(1313, 49, 31, 'N/A', 'N/A', 'AUDITORIA DE PRODUCTO\r\n'),
(1314, 49, 31, 'N/A', 'N/A', 'LIBERACIÓN DE PRODUCTO\r\n'),
(1315, 49, 31, 'N/A', 'N/A', 'SURTIDO DE BARRA EN TORNOS\r\n'),
(1316, 49, 32, '', '', 'Implementación de mejoras\r\n'),
(1317, 51, 30, 'N.A', 'N.A', 'SURTIDO DE BARRA DE ACERO\r\n'),
(1318, 51, 30, '1132559', '1010', 'TORNEADO\r\n'),
(1319, 51, 30, '1140135', '1010', 'TORNEADO\r\n'),
(1320, 51, 30, '1139946', '1015', 'TEMPLADO\r\n'),
(1321, 51, 30, '1140148', '1020', 'RECTIFICADO\r\n'),
(1322, 51, 30, 'N.A', 'N.A', 'TRANSPORTE DE MATERIAL\r\n'),
(1323, 51, 30, 'N.A', 'N.A', 'AUDITORIA DE PROCESO\r\n'),
(1324, 51, 30, 'N.A', 'N.A', 'LLENADO DE SUPERMERCADO\r\n'),
(1325, 51, 30, 'N.A', 'N.A', 'MANEJO DE SCRAP \r\n'),
(1326, 51, 30, 'N.A', 'N.A', 'JUNTA DIARIA DE PRODUCCION\r\n'),
(1327, 50, 32, 'N.A', 'N.A', 'SURTIDO DE BARRA DE ACERO\r\n'),
(1328, 50, 32, '1140141', '1020', 'ROLADO\r\n'),
(1329, 50, 32, '1134737', '1030-1070', 'TORNEADO-LIMPIEZA-MEDICION-EMPAQUE\r\n'),
(1330, 50, 32, '1139739', '1030-1070', 'TORNEADO-LIMPIEZA-MEDICION-EMPAQUE\r\n'),
(1331, 50, 32, 'N.A', '1080', 'INSPECCION VISUAL\r\n'),
(1332, 50, 32, 'N.A', 'N.A', 'TRANSPORTE DE MATERIAL\r\n'),
(1333, 50, 32, 'N.A', 'N.A', 'AUDITORIA DE PROCESO\r\n'),
(1334, 50, 32, 'N.A', 'N.A', 'LLENADO DE SUPERMERCADO\r\n'),
(1335, 50, 32, 'N.A', 'N.A', 'MANEJO DE SCRAP \r\n'),
(1336, 50, 32, 'N.A', 'N.A', 'JUNTA DIARIA DE PRODUCCION\r\n'),
(1337, 53, 4, '1132497', '1020', 'Ensamble de aislantes laterales a paquete de laminación / Lateral insulations assemble to lamination package\r\n'),
(1338, 53, 4, '1129210', '1030', 'Ensamble de flecha a paquete,  colector a flecha y recalcado de paquete / Assemble shaft into package, commutator to shaft and clinched of package.\r\n'),
(1339, 53, 4, '1129100', '1040', 'Devanado de subensamble paquete / Subassy package winding\r\n'),
(1340, 53, 4, 'N/A', '1050', 'Bajar alambres y Doblar puntas del devanado / Down wires and bend ends of coils\r\n'),
(1341, 53, 4, '1128427', '1060', 'Punteado del colector / Commutator fusing\r\n'),
(1342, 53, 4, '1129140', '1080', 'Calibrado de posición del colector / Commutator position adjustment\r\n'),
(1343, 53, 4, '1128425', '1090', 'Torneado y cardado de colector / Commutator turn on lathe and brush\r\n'),
(1344, 53, 4, '1128656', '1100', 'Prueba eléctrica / Electrical test (PY)\r\n'),
(1345, 53, 4, '1128579', '1110', 'Balanceo de inducido e inspección final / Armature balance and final inspection\r\n'),
(1346, 53, 4, 'N/A', '2000', 'Auditoria del proceso / Process audit\r\n'),
(1347, 57, 4, '1129031', '1040', 'Ens. de pistas a placa y remachado de pistas a placa\r\n'),
(1348, 57, 4, '1129029', '1050', 'Ensamble guias a  placa\r\n'),
(1349, 57, 4, '1129029', '1060', 'Remachado de guias a  placa y corte de pista \r\n'),
(1350, 57, 4, '1129028', '1080', 'Punteado de capacitor \r\n'),
(1351, 57, 4, '1128436', '1105', 'Punteado de bobina a escobilla\r\n'),
(1352, 57, 4, '1128437', '1115', 'Punteado de bobina a escobilla\r\n'),
(1353, 57, 4, 'MTM8703', '1130', 'Ensamble resortes\r\n'),
(1354, 57, 4, 'MTM8704', '1140', 'Ensamble resortes\r\n'),
(1355, 57, 4, '1128421', '1200', 'Punteado de  bobina a pista\r\n'),
(1356, 57, 4, '1128421', '1210', 'Punteado de escobilla a pista\r\n'),
(1357, 57, 4, '1128419', '1300', 'Soldar conector 2 ó 3 terminales\r\n'),
(1358, 57, 4, '1128419', '1310', 'Soldar arnes (2 terminales\r\n'),
(1359, 57, 4, '1128420', '1320', 'Soldar conector 2 o 3 terminales\r\n'),
(1360, 57, 4, '1128420', '1330', 'Soldar arnés (3 terminales)\r\n'),
(1361, 57, 4, '1128422', '1380', 'Prueba de continuidad  y deslizamiento de escobillas\r\n'),
(1362, 57, 4, 'N.A', '1410', 'Inspección visual,  acomodo de las trencillas en forma de loop y empaque\r\n'),
(1363, 52, 4, '1129104', '1010', 'Ensamble de estator /Frame assembly\r\n'),
(1364, 52, 4, '1129105', '1020', 'Ensamble de clips a estator / clips assembly into frame\r\n'),
(1365, 52, 4, '1129106', '1030', 'Verificar Altura y Fuerza de Desprendimiento de Imanes / High and pull up force of magnets\r\n'),
(1366, 52, 4, '1129107', '1040', 'Montaje de reten y rodamiento a coraza / retain and ball bearing assy to frame\r\n'),
(1367, 52, 4, '1129108', '1050', 'Remachado de reten/ retain riveting\r\n'),
(1368, 52, 4, '1129109', '1060', 'Verificar presencia de reten rodamiento , clips y condiciones de remachado. / riveting conditions and clips and retain/ ball bearing presence verification\r\n'),
(1369, 52, 4, '1129110', '1070', 'Magnetizado de estator / frame magnetizing\r\n'),
(1370, 52, 4, '1129111', '1080', ' Posicion Final de Inducido / Final Position of Armature\r\n'),
(1371, 52, 4, '1129112', '1090', 'Ensamble de arrastrador / Drive plate assy\r\n'),
(1372, 52, 4, 'N.A', '1110', 'Ensamble de p.p.e. a estator/ brush card assy on frame\r\n'),
(1373, 52, 4, '1129113', '1120', 'Ens. retén  chumacera a tapa../ retain and bearing assy on enshield\r\n'),
(1374, 52, 4, '1129114', '1130', 'Ensamble de tapa y remachado. ./ enshield assy and riveting\r\n'),
(1375, 52, 4, '1129115', '1140', 'Verificación de remachado de tapa a estator y asentamiento de escobillas. ./ Enshield riveting on frame and burning brush.\r\n'),
(1376, 52, 4, '1129116', '1150', 'Prueba eléctrica / electrical test\r\n'),
(1377, 52, 4, '1129161', '1160', 'Cabina de ruido y empaque en cajas Individuales  / noise chamber and Individual packaging\r\n'),
(1378, 52, 4, 'N.A', '3500', 'Auditoria del producto/ Product Audit\r\n'),
(1379, 36, 33, '1129119', '1020', 'Remachado de perno a palanca.\r\n'),
(1380, 36, 33, '1129120', '1025', 'Recalcado de flecha a palanca.                                              \r\n'),
(1381, 36, 33, '1129791', '1035', 'Atornillado de perno excentrico\r\n'),
(1382, 36, 33, '1129121', '1040', 'Ensamble y engrasado de chumaceras a cuerpos pivote.\r\n'),
(1383, 36, 33, '1128413', '1045', 'Ensamble de grommets, ojillos y tornillo en pivotes. \r\n'),
(1384, 36, 33, '1050', '1129824', 'Ensamble de arandelas\r\n'),
(1385, 36, 33, '1141908', '1055', 'Ensamble de arandela y c-clip\r\n'),
(1386, 36, 33, '1128411', '1060', 'Crimpado de tubo a pivotes\r\n'),
(1387, 36, 33, 'N/A', '1065', 'Engrasado y programacion de motor\r\n'),
(1388, 36, 33, '1136795', '1070', 'Atornillado de bracket\r\n'),
(1389, 36, 33, '1128410', '1075', 'Atornillado de palanca de mando y ens. NBR Cap\r\n'),
(1390, 36, 33, '1128389', '1080', 'Ensamble de varillas\r\n'),
(1391, 36, 33, '1130114', '1090', 'Prueba funcional y empaque\r\n'),
(1392, 36, 33, 'N.A', 'N.A', 'Proveedor a punto de uso\r\n'),
(1393, 37, 33, '1128391', '1010', 'Inyeccion de varilla\r\n'),
(1394, 37, 33, '1128392', '1010', 'Inyeccion de varilla\r\n'),
(1395, 37, 33, '1128393', '1010', 'Inyeccion de varilla\r\n'),
(1396, 37, 33, '1128394', '1011', 'Inyeccion de varilla\r\n'),
(1397, 37, 33, '1129001', '1012', 'Inyeccion de varilla\r\n'),
(1398, 37, 33, '1129002', '1013', 'Inyeccion de varilla\r\n'),
(1399, 56, 4, '1129473', '1010', 'Grabado de varilla / Engrave wiper rod\r\n'),
(1400, 56, 4, '1128397', '1030', 'Ensamble Varilla - Reten/ Rod and Link assembly\r\n'),
(1401, 56, 4, '1128401', '1040', 'Ensamble de buje y pin a cabezal - reten/ Bushing and pin assy to armhead-retainer.\r\n'),
(1402, 56, 4, '1129340', '1055', 'Ensamble resorte y C-clip a brazo/C-Clip and spring assembly to wiper arm\r\n'),
(1403, 56, 4, '1129341', '1060', 'Remachado de perno diámetro menor / small pin riveting\r\n'),
(1404, 56, 4, '1129342', '1070', 'Remachado de perno diámetro mayor/ Pin riveting of bigger diameter\r\n'),
(1405, 56, 4, '1129069', '1090', 'Verificacion de fuerza y longitud / Force and length inspection\r\n'),
(1406, 56, 4, '1128395', '1100', 'Verificacion de angulo / Twist inspection\r\n'),
(1407, 56, 4, '1128996', 'N.A', 'Ensamble de capochon / Cap assembly\r\n'),
(1408, 56, 4, '1131107', 'N.A', 'Medicion de juego axial / Axial play measurement\r\n'),
(1409, 56, 4, 'N.A', '1110', 'Inspección de recibo /Incoming Quality\r\n'),
(1410, 56, 4, 'N.A', '1120', 'Ensamble brazo - pluma /Arm - blade assembly\r\n'),
(1411, 56, 4, '1130919', '1130', 'Verificación longitud brazo + pluma /Total lenght (arm + blade)\r\n'),
(1412, 56, 4, 'N.A', '3000', 'Auditoría de embarque\r\n'),
(1413, 55, 4, '1128403', '1020', 'Ensamblar contrachapa a cuerpo pivote / Stiker to pivot housin assembly\r\n'),
(1414, 55, 4, '1128404', '1030', 'Ensamblar de chumacera, arandela de hule y aplicación de grasa / Bearing, rubber washer assembly and grease application\r\n'),
(1415, 55, 4, '1128407', '1035', 'Ensamblar tappet / Tappet assembly\r\n'),
(1416, 55, 4, '1128402', '1040', 'Ensamblar flecha y tappet a palanca / Shaft and tappet lever assembly\r\n'),
(1417, 55, 4, '1128385', '1050', 'Remachar flecha palanca / Shaft lever riveting\r\n'),
(1418, 55, 4, '1128405', '1060', 'Ensamblar pivote / Pivou housing assembly\r\n'),
(1419, 55, 4, '1128408', '1070', 'Ensamblar ECU a motor / ECU to rear motor assy\r\n'),
(1420, 55, 4, '1128406', '1080', 'Ensamblar cerradura y motor a soporte / Assembly latch and motor to bracket\r\n'),
(1421, 55, 4, '1128580', '1090', 'Prueba final, ensamble de cuerpo pivote, pieza de sujeción y etiqueta / final testing, assembly pivot housing, , label and carrier bracket\r\n'),
(1422, 55, 4, '1132496', '1095', 'Verificar puntos de fijación, en el vehículo y empaque del producto / Verify assembly and packaging\r\n'),
(1423, 55, 4, 'N/A', '3000', 'Auditoria del producto / Shipping audit\r\n'),
(1424, 55, 4, 'N/A', '3500', 'Auditoria al producto / Product audit\r\n'),
(1425, 54, 4, '1128284', '1010', 'Cortar y doblar capacitor (Subensamble 6 004 MR1 020 o F 00M 991 505) / CUT AND BENDING CAPACITOR TERMINALS (SUBASSEMBLY 6004MR1020)\r\n'),
(1426, 54, 4, '1128282', '1020', 'Puntear capacitor / TO WELD CAPACITOR TERMINALS (PY)\r\n'),
(1427, 54, 4, '1129583', '1025', 'Puntear resistor / TO WELD RESISTOR TERMINALS\r\n'),
(1428, 54, 4, '1128283', '1030', 'Ensamble de remaches tubulares / TUBULAR RIVETS ASSEMBLY\r\n'),
(1429, 54, 4, '1128285', '1040', 'Colocar casquillo, resorte, escobilla y remachar / ASSEMBLY BRASSES, SPRING, BRUSHES AND RIVETING\r\n'),
(1430, 54, 4, '1128287', '1050', 'Soldar carbones / SOLDERING\r\n'),
(1431, 54, 4, '1129487', '1060', 'Rellenar cavidad con resina /FILL CAVITY WITH RESIN\r\n'),
(1432, 54, 4, '1128671', '1070', '\"Banco de prueba eléctrica / ELECTRICAL TEST BENCH (PY)\r\nGráfica \"\"P\"\"\"\r\n'),
(1433, 54, 4, '1128671', '1090', 'Empacar para exportación (Aplica solo para material de exportación del F00M145250) / EXPORTATION PACKING (ONLY FOR F00M145250)\r\n'),
(1434, 54, 4, '1129124', '1020', 'Cortar y doblar capacitor / CUT AND BENDING CAPACITOR TERMINAL\r\n'),
(1435, 54, 4, '1128288', '1025', 'Puntear resistencia / WELDING RECISTENCE TERMINALS\r\n'),
(1436, 54, 4, '1129125', '1030', 'Puntear capacitoR / WELDING CAPACITOR TERMINALS\r\n'),
(1437, 54, 4, '1129487', '1040', 'Prueba electrica y Rellenar cavidad con resina/ELECTRICAL TEST AND FILL CAVITY WITH RESIN\r\n'),
(1438, 54, 4, '1129487', 'N.A', 'Empaque / Packaging\r\n'),
(1439, 40, 34, '1130637', '1010', 'Ens. Flecha a paquete\r\n'),
(1440, 40, 34, '1130638', '1020', 'Impregnadora de polvo\r\n'),
(1441, 40, 34, '1130639', '1030', 'Ens. Colector\r\n'),
(1442, 40, 34, '1130640', '1040', 'Devanado de inducido (1 y 2)\r\n'),
(1443, 40, 34, '1130891', '1050', 'Devanado de inducido (3)\r\n'),
(1444, 40, 34, '1130642', '1055', 'Formado de puntas\r\n'),
(1445, 40, 34, '1130643', '1060', 'Punteado de colector (1 y 2)\r\n'),
(1446, 40, 34, '1130644', '1070', 'Torneado de colector\r\n'),
(1447, 40, 34, '1130645', '1080', 'Cardado de colector\r\n'),
(1448, 40, 34, '1130646', '1090', 'Banco de prueba electrica\r\n'),
(1449, 40, 34, '1130647', '1100', 'Ens. Rodamiento\r\n'),
(1450, 40, 34, '1130648', '1110', 'Rolado de rodamiento\r\n'),
(1451, 40, 34, '1130649', '1120', 'Rolado de sinfin\r\n'),
(1452, 40, 34, '1130650', '1130', 'Cardado de sinfin\r\n'),
(1453, 40, 34, '1130651', '1140', 'Rolado de pivote\r\n'),
(1454, 40, 34, '1130652', '1150', 'Banco de prueba de sinfin\r\n'),
(1455, 40, 34, '1130653', '1160', 'Balanceo de inducido\r\n'),
(1456, 40, 34, 'N/A', '1170', 'Inspeccion visual final\r\n'),
(1457, 40, 34, 'N/A', 'N/A', 'Area de bobinas de cobre\r\n'),
(1458, 40, 34, 'N/A', 'N/A', 'Area de supervisores\r\n'),
(1459, 40, 34, 'N/A', 'N/A', 'Area de instrumentos de medicion\r\n'),
(1460, 40, 34, 'N/A', 'N/A', 'Area de juntas\r\n'),
(1461, 41, 34, '1130622', '1010', 'MAGNETS AND CLIP ASSEMBLY\r\n'),
(1462, 41, 34, '1130623', '1020', 'SINTER BUSHING INTO PH ASSEMBLY\r\n'),
(1463, 41, 34, '1130624', '1030', 'PH GREASING\r\n'),
(1464, 41, 34, '1130625', '1040', 'MAGNETIZING\r\n'),
(1465, 41, 34, '1130626', '1050', 'GLUE DISPENSING\r\n'),
(1466, 41, 34, '1130602', '1060', 'ARMATURE INSTALATION IN GEAR HOUSING AND\r\n'),
(1467, 41, 34, '1130627', '1070', 'GEARHOUSING/ ARMATURE IN POLEHOUSING\r\n'),
(1468, 41, 34, '1130628', '1080', 'PH/ GH ROLLING\r\n'),
(1469, 41, 34, '1130629', '1090', 'EXCENTRIC BUSHING PRE-ASSEMBLY\r\n'),
(1470, 41, 34, '1130630', '1100', 'E-BUSHING FINAL ASSEMBLY AND CALIBRATION\r\n'),
(1471, 41, 34, '1130631', '1110', 'MAGNETIC PLATE IN GEARWHEEL ULTRASONIC\r\n'),
(1472, 41, 34, '1130632', '1120', 'CONTACT PLATE ASSEMBLY\r\n'),
(1473, 41, 34, '1130603', '1130', 'WORM/ GH / GEARWHEEL GREASING\r\n'),
(1474, 41, 34, '1130604', '1140', 'SEAL GREASING AND ASSEMBLY/ SPEEDNUT\r\n'),
(1475, 41, 34, '1130605', '1150', 'SPEEDNUT GREASING / WATER CAP ASSEMBLY\r\n'),
(1476, 41, 34, '1130633', '1160', 'CONTACT PLATE GREASING/ CLEANING\r\n'),
(1477, 41, 34, '1130634', '1170', 'ECU OR GEARCOVER TO BH ASSEMBLY\r\n'),
(1478, 41, 34, '1130635', '1180', 'GEARCOVER ASSEMBLY\r\n'),
(1479, 41, 34, '1130606', '1190', 'DISIPATING MASSS APPLICATION\r\n'),
(1480, 41, 34, '1130607', '1200', 'CLIP´S ASSEMBLY STATION\r\n'),
(1481, 41, 34, '1130608', '1210', 'BH PRESSING/ PROGRAM LOADING\r\n'),
(1482, 41, 34, '1132621', '1210', 'BANCO DE PROGRAMACIÓN WSM2\r\n'),
(1483, 41, 34, '1130636', '1220', 'TEST BENCH\r\n'),
(1484, 41, 34, '1132622', '1220', 'BANCO DE PERFORMANCE WSM2\r\n'),
(1485, 41, 34, '1130609', '1230', 'BRACKET ASSEMBLY\r\n'),
(1486, 41, 34, 'N/A', '1240', 'Ensamble de bracket\r\n'),
(1487, 39, 33, '1136568', '1010', 'Atornillado de perno excéntrico\r\n'),
(1488, 39, 33, '1136569', '1020', 'Crimpado de tubo a pivote (1er paso)\r\n'),
(1489, 39, 33, '1136566', '1030', 'Crimpado (2do paso)\r\n'),
(1490, 39, 33, '1136567', '1040', 'Banco de prueba final\r\n'),
(1491, 39, 33, 'N.A', 'N.A', 'Inspección visual\r\n'),
(1492, 39, 33, 'N.A', ' 2000', 'Proveedor a punto de uso\r\n'),
(1493, 35, 35, '1128412', '1010b', 'remachado perno palanca \r\n'),
(1494, 35, 35, '1134668', '1020', 'centro de maquinado / rimado conico -palanca \r\n'),
(1495, 35, 35, 'NA', 'NA', 'Movimiento de cajas/ materia prima y reset de centro de maquinado\r\n'),
(1496, 38, 35, '1129144', '1100', 'PRUEBA FUNCIONAL\r\n'),
(1497, 38, 35, '1129145', '1090', 'ENSAMBLE Y ENGRASADO DE VARILLAS\r\n'),
(1498, 38, 35, '1129146', '1085', 'ATORNILLADO DE PALANCA DE MANDO\r\n'),
(1499, 38, 35, '1129147', '1050', 'ENSAMBLE DE PIVOTES\r\n'),
(1500, 38, 35, '1129148', '1040', 'ENSAMBLE DE CHUMACERAS\r\n'),
(1501, 38, 35, '1129149', '1030', 'SUBENSAMBLE DE FELCHA\r\n'),
(1502, 38, 35, '1137299', '1080', 'ATORNILLADO DE BRACKET\r\n'),
(1503, 38, 35, '1135549', '1060', 'CRIMPADO\r\n'),
(1504, 38, 35, '1129794', '1065', 'ENGRASADO DE MOTOR\r\n'),
(1505, 38, 35, '', '1035a', 'ENSAMBLE DE GROMMET Y OJILLO\r\n'),
(1506, 38, 35, '1129150', '1020', 'REMACHADO DE PERNO A PALANCA\r\n'),
(1507, 38, 35, 'POUP', 'NA', 'MOVIMIENTO DE PALLETS/ MATERIA PRIMA\r\n'),
(1528, 77, 36, '', '950', 'Muescado de flecha y colocacion de sinfin \r\n'),
(1529, 77, 36, '', '960', 'Insercion de sinfin \r\n'),
(1530, 77, 36, '', '970', 'Prueba de excentricidad \r\n'),
(1531, 77, 36, '', '980', 'Ensamble de buje en caja de engrane \r\n'),
(1532, 77, 36, '', '990', 'Ensamble de caja de angranes a coraza \r\n'),
(1533, 77, 36, '', '1000', 'Atornillado de caja \r\n'),
(1534, 77, 36, '', '1010/1020', 'Engrasado de bola y engrane, colocacion de arandela/ engrasado de caja de engranes y medicion de juego axial \r\n'),
(1535, 77, 36, '', '1030', 'Ensamble de muelle y engrasado de engrane \r\n'),
(1536, 77, 36, '', '1040', 'Cerrado de bracket \r\n'),
(1537, 77, 36, '', '1045', 'Atornillado de tapa\r\n'),
(1538, 77, 36, '', '1050', 'Ensamble de arandela y tuerca a husillo \r\n'),
(1539, 77, 36, '', '1060', 'Pruba electrica y crimpado de clip \r\n'),
(1540, 77, 36, '', '1070', 'Prueba subjetiva de ruido \r\n'),
(1541, 77, 36, '', '1070', 'Atornillado de brazo a tuerca\r\n'),
(1542, 77, 36, '', '1080', 'Crimpado de brazo \r\n'),
(1543, 77, 36, '', '1100', 'Engrasado de husillo insprccion visual y empaque\r\n'),
(1544, 77, 36, '', '', 'POPU\r\n'),
(1545, 77, 36, '', '', 'Certificacion de embarque \r\n'),
(1548, 76, 37, '7292', '1010', 'Colocación de Paquete de laminación en Máquina y alimentación de Flecha\r\n'),
(1549, 76, 37, '7292', '1020', 'Ensamble Automatico Flecha Paquete               \r\n'),
(1550, 76, 37, '7292', '1040', 'Ensamble de Colector en Flecha               \r\n'),
(1551, 76, 37, '7285-7289', '1050', 'Bobinado de Inducido \r\n'),
(1552, 76, 37, '7290', '1060', 'Conformado de alambres                   \r\n'),
(1553, 76, 37, '7293', '1070', 'Soldado de ganchos del colector\r\n'),
(1554, 76, 37, '7291', '1080', 'Conformado de alambres               \r\n'),
(1555, 76, 37, '7294', '1100', 'Torneado y Cardado de Colector\r\n'),
(1556, 76, 37, '7283', '1110', 'Balanceo Automatico del Inducido         \r\n'),
(1557, 76, 37, '1892, 7554, 0031', '1115', 'Balanceo Manual\r\n'),
(1558, 76, 37, '7292', '1030', 'Impregnación de polvo Epóxico                      \r\n'),
(1559, 76, 37, '7284', '1120', 'Prueba Eléctrica del Inducido             \r\n'),
(1560, 76, 37, '7284', '1130', 'Inspección Visual y Empaque\r\n'),
(1561, 78, 38, '9529', '1010', 'Ensamble de pastilla y buje a coraza \r\n'),
(1562, 78, 38, '9530', '1020', 'Ensamble de 2 imanes y 2 muelles en coraza\r\n'),
(1563, 78, 38, '8531', '1030', 'Magnetizado\r\n'),
(1564, 78, 38, '8532', '1031', 'Engrasado de coraza\r\n'),
(1565, 78, 38, '8533', '1040', 'Inserción de inducido\r\n'),
(1566, 78, 38, '8534', '1050', 'Ensamble de cono o anillo magnético\r\n'),
(1567, 78, 38, '8535', '1059', 'Ensamble de chumacera y retén\r\n'),
(1568, 78, 38, '8536', '1060', 'Ensamble de placa porta escobilla a coraza\r\n'),
(1569, 78, 38, '8537', '1070', 'Colocación de sinfín y muescado de flecha\r\n'),
(1570, 78, 38, '8538', '1080', 'Inserción de sinfín\r\n'),
(1571, 78, 38, '8539', '1090', 'Medición de excentricidad\r\n'),
(1572, 78, 38, '8540', '1097', 'Ensamble de amortiguador y pastilla en la caja de engrane\r\n'),
(1573, 78, 38, '38541', '1098', 'Ensamble de buje\r\n'),
(1574, 78, 38, '8541', '1099', 'Engrasado de caja de engrane sobre la superficie de la pastilla\r\n'),
(1575, 78, 38, '8542', '1100', 'Ensamble de caja de engrane a estator\r\n'),
(1576, 78, 38, '8543', '1110', 'Atornillado de caja de engrane a estator\r\n'),
(1577, 78, 38, '8544', '1120', 'Engrasado de caja y de engranes\r\n'),
(1578, 78, 38, '1130', '', 'Engrasado de cara de engranes\r\n'),
(1579, 78, 38, '8545', '1140', 'Atornillado o enclipsado de tapa\r\n'),
(1580, 78, 38, '8546', '1150', 'Prueba eléctrica y marcaje\r\n'),
(1581, 78, 38, '8553', '1160', 'Prueba de ruido subjetivo y colocación de la primera etiqueta\r\n'),
(1582, 78, 38, '8554', '1170', 'Inspección visual y colocación de la segunda etiqueta\r\n'),
(1583, 78, 38, '', '1190', 'Empaque\r\n'),
(1584, 86, 36, '1135142', '1010', 'Bracket-Triebling assembly and bolts scr                                                          \r\n'),
(1585, 86, 36, 'N/A', '1015', 'Position Peg Assembly\r\n'),
(1586, 86, 36, '1135143', '1020', 'Spacer assembly,Spindle Greasing-Screwin.             \r\n'),
(1587, 86, 36, '1135141', '1030', 'C-ring assembly, performance test-label \r\n'),
(1588, 86, 36, '1135144', '1040', '                                                          \r\nSubjective Noise test and spindle prepo\r\n'),
(1589, 86, 36, '1135145', '1050', 'Visual Inspection and Packaging\r\n'),
(1590, 86, 36, 'POUP', 'POUP', 'Alimentacion de material a la celda\r\n'),
(1591, 85, 39, '1136901', '950', ' Muescado de flecha y colocacion de sinfin \r\n'),
(1592, 85, 39, '1136903', '960', ' Insercion de sinfin \r\n'),
(1593, 85, 39, '1136904', '970', ' Prueba de excetricidad \r\n'),
(1594, 85, 39, '1132906', '980', ' Ensamble de buje a caja de engrane \r\n'),
(1595, 85, 39, '1136907', '990', ' Ensamble de caja de engrane a coraza\r\n'),
(1596, 85, 39, '1136908', '1000', ' Atornillado de caja \r\n'),
(1597, 85, 39, '1134860', '1010 /1020', ' Ensamble de arandela engrasado de bola y caja, medicion de juego axial\r\n'),
(1598, 85, 39, '11344859', '1030', ' Ensamble de muelle y engrasado de engrane \r\n'),
(1599, 85, 39, '', '1040', ' Atornillado de tapa\r\n'),
(1600, 85, 39, '', '1045', ' Cerrado de bracket \r\n'),
(1601, 85, 39, '1134858', '1050', ' Atornillado de tuerca \r\n'),
(1602, 85, 39, '1134857', '1060', ' Prueba electrica de motor y crimpado\r\n'),
(1603, 85, 39, '1134856', '1070', ' Prueba subjetiva de ruido\r\n'),
(1604, 85, 39, '1129592', '1081', ' Engrasado de husillo, inspeccion visual y empaque \r\n'),
(1605, 85, 39, '', '', 'PouP\r\n'),
(1606, 85, 39, '', '', 'Auditoria de embarque \r\n'),
(1607, 65, 40, '6042', '1005', 'Colocar coraza en bandas transportadoras      \r\n'),
(1608, 65, 40, '6042', '1010', 'Grabado de Identificación y Fecha en Coraza               \r\n'),
(1609, 65, 40, '6042', '1020', 'Colocación de coraza en pallet                  \r\n'),
(1610, 65, 40, '6043', '1030', 'Ensamble de imanes y muelles a coraza y colocación de coraza en carro transportador        \r\n'),
(1611, 65, 40, '6044', '1040', 'Grabadora láser\r\n'),
(1612, 65, 40, '6044', '1050', 'Ensamble de buje                  \r\n'),
(1613, 65, 40, '6044', '1060', 'Verificación de imanes, muelles y buje                         \r\n'),
(1614, 65, 40, '6044', '1070', 'Magnetizado                 \r\n'),
(1615, 65, 40, '6044', '1080', 'Giro y translado automático del estator a nuevo carro transportador             \r\n'),
(1616, 65, 40, '1090', '6044', 'Colocación de tornillos en pallet           \r\n'),
(1617, 65, 40, '6044', '1100', 'Engrasado de estator  \r\n'),
(1618, 65, 40, '6044', '1110', 'Verificación de grasa                               \r\n'),
(1619, 65, 40, '6045', '1120', 'Ensamble Automatico de Inducido a estator             \r\n'),
(1620, 65, 40, '6045', '1130', 'Alargado de Inducido       \r\n'),
(1621, 65, 40, '6045', '1140', 'Planchado de Inducido          \r\n'),
(1622, 65, 40, '6046', '1150', 'Ensamble manual de PPE a estator        \r\n'),
(1623, 65, 40, '6046', '1160', 'Elevación de chumacera Esférica           \r\n'),
(1624, 65, 40, '6046', '1170', 'Girar y colocar chumacera esférica  en placa portaescobillas                                             \r\n'),
(1625, 65, 40, '6046', '1180', 'Medición del cabeceo de pivote y varistor                       \r\n'),
(1626, 65, 40, '6046', '1190', 'Engrasado de copa y verificación de presencia de grasa y posición correcta de anillo magnético\r\n'),
(1627, 65, 40, '6048', '1200', 'Colocar caja de engrane en pallet                               \r\n'),
(1628, 65, 40, '6048', '1210', 'Montaje de elemento amortiguador          \r\n'),
(1629, 65, 40, '6048', '1220', 'Montaje arandela de fricción               \r\n'),
(1630, 65, 40, '6048', '1230', 'Corte y Soldado de Filtro Por Ultrasonido\r\n'),
(1631, 65, 40, '6048', '1240', 'Verificación de presencia de filtro y elemento amortiguador\r\n'),
(1632, 65, 40, '6046', '1250', 'Colocación de caja de engrane en subensamble estator a tope                        \r\n'),
(1633, 65, 40, '6047', '1260', 'Atornillado deestator a caja de engrane                    \r\n'),
(1634, 65, 40, '6047', '1270', 'Giro manual de motor y colocación en nuevo carro                                                      \r\n'),
(1635, 65, 40, '6049', '1288', 'Engrasado de caja de engrane\r\n'),
(1636, 65, 40, '6044', '1290', 'Ensamble manual de 3 amortiguadores                      \r\n'),
(1637, 65, 40, '6049', '1300', 'Prensado de amortiguadores y prueba\r\n'),
(1638, 65, 40, '6049', '1310', 'Ensamble semiautomático de arrastrador a engrane\r\n'),
(1639, 65, 40, '6049', '1320', 'Aceitado y verificación de arrastrador correcto\r\n'),
(1640, 65, 40, '6049', '1330', 'Engrasado de engrane, ensamble manual de subensamble engrane a motor y colocación de engrane a carro\r\n'),
(1641, 65, 40, '6049', '1340', 'Engrasado y ensamble manual de tapa y colocación de o\'ring a motor\r\n'),
(1642, 65, 40, '6050', '1350', 'Estación de prueba de O\'ring\r\n'),
(1643, 65, 40, '6050', '1380', 'Montaje automático de arandela plana                   \r\n'),
(1644, 65, 40, '6050', '1390', 'Montaje automático de Seguro\r\n'),
(1645, 65, 40, '6050', '1400', 'Verificación automática de presencia de arandela y seguro                 \r\n'),
(1646, 65, 40, '6050', '1410', 'Soldado por ultrasonido de tapa  \r\n'),
(1647, 65, 40, '6076/6077', '1420', 'Prueba eléctrica de funcionamiento\r\n'),
(1648, 65, 40, '6051', '1430', 'Prueba de hermeticidad                     \r\n'),
(1649, 65, 40, '6052', '1440', 'Prueba de verificación de soldado de tapa, posición de chumacera y grabado de coraza.               \r\n'),
(1650, 65, 40, '6052', '1450', 'Marcado de Caja de Engrane\r\n'),
(1651, 65, 40, '6052', '1460', 'Transferencia de motores OK a cabina de ruido\r\n'),
(1652, 65, 40, '6052', '1475', 'Etiquetado de motor \r\n'),
(1653, 65, 40, '6052', '1470', 'Prueba de ruido subjetiva           \r\n'),
(1654, 65, 40, '6052', '1480', 'Inspección visual final\r\n'),
(1655, 65, 40, '', '1490', 'Análisis de falla                         \r\n'),
(1656, 65, 40, '', 'NA', 'Proveedor a punto de uso\r\n'),
(1657, 65, 40, '', 'NA', 'Flejado de pallet\r\n'),
(1658, 28, 40, 'asd', 'asd', 'as'),
(1659, 28, 40, 'sadf', 'asdf', 'sadf'),
(1660, 289, 29, '-', '-', '-'),
(1661, 59, 44, '-', '-', '-'),
(1662, 60, 44, '-', '-', '-'),
(1663, 61, 45, '-', '-', '-'),
(1664, 62, 45, '-', '-', '-'),
(1665, 63, 46, '-', '-', '-'),
(1666, 64, 46, '-', '-', '-'),
(1667, 65, 40, '-', '-', '-'),
(1668, 66, 40, '-', '-', '-'),
(1669, 67, 45, '-', '-', '-'),
(1670, 68, 47, '-', '-', '-'),
(1671, 69, 37, '-', '-', '-'),
(1672, 70, 48, '-', '-', '-'),
(1673, 71, 37, '-', '-', '-'),
(1674, 72, 49, '-', '-', '-'),
(1675, 73, 38, '-', '-', '-'),
(1676, 74, 47, '-', '-', '-'),
(1677, 75, 50, '-', '-', '-'),
(1678, 76, 50, '-', '-', '-'),
(1679, 77, 48, '-', '-', '-'),
(1680, 78, 38, '-', '-', '-'),
(1681, 82, 38, '-', '-', '-'),
(1682, 83, 39, '-', '-', '-'),
(1683, 84, 39, '-', '-', '-'),
(1684, 85, 39, '-', '-', '-'),
(1685, 86, 36, '-', '-', '-'),
(1686, 87, 36, '-', '-', '-'),
(1687, 88, 38, '-', '-', '-'),
(1688, 89, 38, '-', '-', '-'),
(1689, 290, 38, '-', '-', '-'),
(1690, 90, 50, '-', '-', '-'),
(1691, 105, 50, '-', '-', '-'),
(1692, 291, 36, '-', '-', '-'),
(1693, 292, 47, '-', '-', '-'),
(1694, 3, 47, '-', '-', '-'),
(1695, 293, 49, '-', '-', '-'),
(1696, 59, 40, '9600', '1010', ' Colocar Coraza En Banda Transportadora   '),
(1697, 59, 40, '9600', '1020', 'Grabado de Identificación y Fecha en Coraza                       '),
(1698, 59, 40, '9601', '1030', 'Ensamble de Imanes y Muelles a Coraza y transferencia de Coraza a Pallet 1'),
(1699, 59, 40, '9602', '1040', 'Ensamble de buje                '),
(1700, 59, 40, '9602', '1050', 'Verificación de Imanes, Muelles y Buje     ');
INSERT INTO `sam` (`idsam`, `idlinea`, `idusuario`, `ma`, `op`, `descripcion`) VALUES
(1701, 59, 40, '9602', '1060', 'Magnetizado                   '),
(1702, 59, 40, '9602', '1070', 'Transferencia de Coraza de Pallet 1 a banda de Almacén    '),
(1703, 59, 40, '9603', '1080', 'Colocación de Tornillos en Pallet          '),
(1704, 59, 40, '9603', '1090', 'Transferencia de estator de Almacén a Pallet 2'),
(1705, 59, 40, '9603', '1100', 'Engrasado de estator              '),
(1706, 59, 40, '9603', '1110', 'Verificación de grasa en Estator                               '),
(1707, 59, 40, '9603', '1120', 'Ensamble Automático de Inducido a estator              '),
(1708, 59, 40, '9603', '1130', 'Alargado de Inducido               '),
(1709, 59, 40, '9603', '1140', 'Planchado de Inducido                       '),
(1710, 59, 40, '9604', '1150', 'Colocar PPE a Pallet        '),
(1711, 59, 40, '', '1160', 'Ensamble Automatico de PPE a Estator                        '),
(1712, 59, 40, '9604', '1170', 'Elevación de Chumacera Esférica                               '),
(1713, 59, 40, '9604', '1180', 'Girar y Colocar Chumacera en PPE                             '),
(1714, 59, 40, '9604', '1190', 'Medición de Cabeceo de Pivote y Varistor                                   '),
(1715, 59, 40, '9604', '1200', 'Engrasado de Copa y verificación de Presencia de Grasa                          '),
(1716, 59, 40, '4103', '1210', 'Colocar Caja de engrane en Pallet          '),
(1717, 59, 40, '8027', '1220', 'Montaje de elemento Amortiguador             '),
(1718, 59, 40, '8027', '1230', 'Montaje de Arandela de Fricción                        '),
(1719, 59, 40, '8027', '1240', 'Corte y Soldado de Filtro Por Ultrasonido             '),
(1720, 59, 40, '8027', '1250', 'Prueba de Membrana y elemento Amortiguador '),
(1721, 59, 40, '9604', '1260', 'Colocación de Caja de engrane en Subensamble Estator'),
(1722, 59, 40, '9605', '1270', 'Atornillado de Caja de Engrane a Estator'),
(1723, 59, 40, '9605', '1280', 'Giro y traslado de Motor a Pallet 3 '),
(1724, 59, 40, '9910', '1285', 'Engrasado de Caja en Conector '),
(1725, 59, 40, '9910', '1290', 'Montaje de electrónica a carro transportador '),
(1726, 59, 40, '9910', '1300', 'Ensamble automático de electrónica a motor '),
(1727, 59, 40, '6237', '1305', 'Estación de atornillado de electrónica a caja de engrane'),
(1728, 59, 40, '9643', '1310', 'Engrasado automático de Caja de Engrane'),
(1729, 59, 40, '9606', '1320', 'Colocación de Engrane en Mesa                     '),
(1730, 59, 40, '9606', '1330', 'Estacón de giro y colocación de Engrane en Base                   '),
(1731, 59, 40, '9606', '1340', 'Colocación automática de 3 amortiguadores en engrane'),
(1732, 59, 40, '9606', '1350', 'Verificación automática de Amortiguadores                         '),
(1733, 59, 40, '9606', '1360', 'Montaje automático de Arrastrador              '),
(1734, 59, 40, '9643', '1370', 'Aceitado de arrastrador          '),
(1735, 59, 40, '9643', '1380', 'Engrasado de engrane y ensamble de sub-ensambleengrane a motor'),
(1736, 59, 40, '9643', '1390', 'Ensamble automático de O´Ring'),
(1737, 59, 40, '9643', '1400', 'Estación de prueba de Arrastrador    '),
(1738, 59, 40, '9643', '1410', 'Engrasado de Tapa y Montaje a motor                 '),
(1739, 59, 40, '9643', '1420', 'Estación de prueba O´Ring (PY)'),
(1740, 59, 40, '9607', '1430', 'Montaje automático de Piñón                                          '),
(1741, 59, 40, '9607', '1440', 'Montaje automa´tico de arandela Plana'),
(1742, 59, 40, '9607', '1450', 'Montaje de Seguro    '),
(1743, 59, 40, '9607', '1460', 'Prueba de Seguro  (PY) '),
(1744, 59, 40, '9607', '1470', 'Soldado de tapa Por Ultrasonido'),
(1745, 59, 40, '9608, 9609', '1480', 'Banco de Prueba Eléctrica                    '),
(1746, 59, 40, '9610', '1490', 'Prueba de Hermeticidad                                  '),
(1747, 59, 40, '9611', '1500', 'Prueba de Presencia y Soldado de Tapa, posición de chumacera y grabado de Coraza'),
(1748, 59, 40, '', '1510', 'Marcado de Caja de Engrane'),
(1749, 59, 40, '9611', '1520', 'Transferencia de Motores OK a Cabina de Ruido         '),
(1750, 59, 40, '9611', '1525', 'Prueba Objetiva de Ruido'),
(1751, 59, 40, '4104', '1530', 'Prueba de Ruido                                    '),
(1752, 59, 40, '4104', '1535', 'Etiquetado del Motor'),
(1753, 59, 40, '4107, 4108 ', '1540', 'Inspección final y empaque'),
(1754, 59, 40, '4101', '1550', 'Análisis de Falla'),
(1755, 59, 40, 'N/A', 'N/A', 'Proveedor a Punto de Uso (POUP)'),
(1756, 59, 40, 'N/A', 'N/A', 'Proceso de Flejado para pallets'),
(1757, 59, 40, 'N/A', 'N/A', 'Auditoría de proceso'),
(1758, 60, 40, '1129569', '1010', 'Ensamble Automatico de paquete a Flecha '),
(1759, 60, 40, '1129570', '1020', 'Impregnación de Polvo Epóxico a paquete y Flecha'),
(1760, 60, 40, '1129571', '1030', 'Ensamble Automatico de Manguito Aislante a Flecha'),
(1761, 60, 40, '1129571', '1040', 'Ensamble Automatico de Colector'),
(1762, 60, 40, '11295 72 /73 / 74', '1050', 'Devanado Automatico de Inducido'),
(1763, 60, 40, '1129575', '1055', 'Conformado de Alambre en Ganchos de Colector                        '),
(1764, 60, 40, '1129576', '1060', 'Punteado Automatico de Ganchos de Colector'),
(1765, 60, 40, '1129577', '1070', 'Torneado Automatico de Colector                                        '),
(1766, 60, 40, '1129577', '1080', 'Cardado Automatico de Colector'),
(1767, 60, 40, '1129578', '1090', 'Prueba Eléctrica del Inducido '),
(1768, 60, 40, '1129578', '1095', 'Marcado de Identificación Sobre Inducido'),
(1769, 60, 40, '1129579', '1100', 'Muescado de Flecha para Inserción de Anillo Magnetico'),
(1770, 60, 40, '1129579', '1110', 'Inserción Automatica de Anillo Magnetico en Flecha'),
(1771, 60, 40, '1129579', '1120', 'Ensamble Automatico de Chumacera Esférica'),
(1772, 60, 40, '1129579', '1130', 'Verificación de Posición Correcta de Chumacera Esférica'),
(1773, 60, 40, '1129579', '1135', 'Aceitado de Punta de Inducido para formado de Copa.'),
(1774, 60, 40, '1129579', '1140', 'Estación Automatica de Formado de Copa'),
(1775, 60, 40, '1129579', '1150', 'Verificación Automatica de Formado de Copa'),
(1776, 60, 40, '1129579', '1160', 'Ensamble Automatico de Pin Plastico'),
(1777, 60, 40, '1129580', '1170', 'Rolado Automatico de Sinfín'),
(1778, 60, 40, '1129585', '1175', 'Cardado Automatico de Sinfín'),
(1779, 60, 40, '1129585', '1180', 'Prueba Automatica de Sinfín'),
(1780, 60, 40, '1129581', '1185', 'Enderezado manual de inducido'),
(1781, 60, 40, '1129582', '1190', 'Balanceo Automatico de Inducido'),
(1782, 60, 40, '69919903', '1200', 'Inspección Visual y Empaque'),
(1783, 60, 40, '', '', 'PROVEEDOR DE MATERIAL A PUNTO DE USO'),
(1784, 61, 40, '9223', '1010', 'Colocar Coraza En Banda Transportadora      '),
(1785, 61, 40, '9223', '1020', 'Grabado de Identificación y Fecha en Coraza                              '),
(1786, 61, 40, '9224', '1030', 'Ensamble de Imanes y Muelles a Coraza y transferencia de Coraza a Pallet 1'),
(1787, 61, 40, '9224', '1030', 'Ensamble de buje                             '),
(1788, 61, 40, '9225', '1040', 'Ensamble de buje                             '),
(1789, 61, 40, '9225', '1050', 'Verificación de Imanes, Muelles y Buje                                   '),
(1790, 61, 40, '9225', '1060', 'Magnetizado                              '),
(1791, 61, 40, '9225', '1070', 'Transferencia de Coraza de Pallet 1 a banda de Almacén       '),
(1792, 61, 40, '9226', '1080', 'Colocación de Tornillos en Pallet                  '),
(1793, 61, 40, '9226', '1090', 'Transferencia de estator de Almacén a Pallet 2                                           '),
(1794, 61, 40, '9226', '1100', 'Engrasado de estator                       '),
(1795, 62, 40, '9195', '1010', 'Ensamble Automatico de paquete a Flecha '),
(1796, 62, 40, '9196', '1020', 'Impregnación de Polvo Epóxico a paquete y Flecha'),
(1797, 62, 40, '9197', '1030', 'Ensamble Automatico de Manguito Aislante a Flecha'),
(1798, 62, 40, '9197', '1040', 'Ensamble Automatico de Colector                                     '),
(1799, 62, 40, '9198', '1050', 'Devanado Automatico de Inducido'),
(1800, 62, 40, '9237', '1055', 'Conformado de Alambre en Ganchos de Colector '),
(1801, 62, 40, '9201', '1060', 'Punteado Automatico de Ganchos de Colector'),
(1802, 62, 40, '9202', '1070', 'Torneado Automatico de Colector '),
(1803, 62, 40, '9202', '1080', 'Cardado Automatico de Colector'),
(1804, 62, 40, '9203', '1090', 'Prueba Eléctrica del Inducido     '),
(1805, 63, 40, '9431', '1010', 'Colocar Coraza En Banda Transportadora                         '),
(1806, 63, 40, '9431', '1020', 'Grabado de Identificación y Fecha en Coraza                           '),
(1807, 63, 40, '9432', '1030', 'Ensamble de Imanes y Muelles a Coraza y transferencia de Coraza a Pallet 1'),
(1808, 63, 40, '9433', '1040', 'Ensamble de buje                          '),
(1809, 63, 40, '9433', '1050', 'Verificación de Imanes, Muelles y Buje                                     '),
(1810, 63, 40, '9433', '1060', 'Magnetizado               '),
(1811, 63, 40, '9433', '1070', 'Transferencia de Coraza de Pallet 1 a banda de Almacén             '),
(1812, 63, 40, '9434', '1080', 'Colocación de Tornillos en Pallet                   '),
(1813, 63, 40, '9434', '1090', 'Transferencia de estator de Almacén a Pallet 2'),
(1814, 63, 40, '9434', '1100', 'Engrasado de estator                '),
(1815, 64, 40, '', '', 'Ensamble Automatico de paquete a Flecha'),
(1816, 64, 40, '1129418', '1020', 'Impregnación de Polvo Epóxico a paquete y Flecha'),
(1817, 64, 40, '1129419', '1030', 'Ensamble Automatico de Manguito Aislante a Flecha'),
(1818, 64, 40, '1129419', '1040', 'Ensamble Automatico de Colector                                     '),
(1819, 64, 40, '1129420/21/22', '1050', 'Devanado Automatico de Inducido'),
(1820, 64, 40, '1129439', '1055', 'Conformado de Alambre en Ganchos de Colector                        '),
(1821, 64, 40, '1129423', '1060', 'Punteado Automatico de Ganchos de Colector'),
(1822, 64, 40, '1129425', '1070', 'Torneado Automatico de Colector                                        '),
(1823, 64, 40, '1129425', '1080', 'Cardado Automatico de Colector'),
(1824, 64, 40, '1129426', '1090', 'Prueba Eléctrica del Inducido                               '),
(1825, 66, 40, '6011', '1010', 'Ensamble de flecha a paquete.'),
(1826, 66, 40, '6012', '1020', 'Impregnación de Polvo Epóxico a paquete y Flecha'),
(1827, 66, 40, '6013', '1030', 'Ensamble Automatico de Manguito Aislante a Flecha'),
(1828, 66, 40, '6013', '1040', 'Ensamble Automatico de Colector                                     '),
(1829, 66, 40, '6014', '1050', 'Devanado automatico-1'),
(1830, 66, 40, '6015', '1055', 'Conformado de Alambre en Ganchos de Colector   '),
(1831, 66, 40, '6016', '1060', 'Punteado Automatico de Ganchos de Colector'),
(1832, 66, 40, '6017', '1070', 'Torneado Automatico de Colector   '),
(1833, 66, 40, '6017', '1080', 'Cardado Automatico de Colector'),
(1834, 66, 40, '6018', '1090', 'Prueba Eléctrica del Inducido    '),
(1835, 67, 40, '', '1010', 'Grabado de identificación y fecha en coraza '),
(1836, 67, 40, '', '1020', 'Ensamble de imanes muelles y buje a coraza'),
(1837, 67, 40, '', '1030', 'Verificación  de presencia de grasa'),
(1838, 67, 40, '', '1040', 'Verificación de muelles'),
(1839, 67, 40, '', '1050', 'Verificación de presencia de buje'),
(1840, 67, 40, '', '1073', 'Magnetizado'),
(1841, 67, 40, '', '1075', 'Engrasado de coraza'),
(1842, 67, 40, '', '1081', 'Verificación de grasa'),
(1843, 67, 40, '', '1120', 'Ensamble de inducido a coraza'),
(1844, 67, 40, '', '1130', 'Colocar retén, chumacera y caja de engrane en carro'),
(1845, 68, 40, '7079', '1005', 'Colocar Coraza en Banda Transportadora '),
(1846, 68, 40, '2840', '1010', 'Grabado de identificación y Fecha en Coraza                    '),
(1847, 68, 40, '5325', '1020', 'Colocación de coraza en Carro Transportador            '),
(1848, 68, 40, '1701 & 1702', '1030', 'Ensamble de Imanes y Muelles en coraza  '),
(1849, 68, 40, '7082', '1050', 'Ensamble de Arandela de Fricción                                  '),
(1850, 68, 40, '2841', '1060', 'Ensamble de Buje                     '),
(1851, 68, 40, '2841', '1065', 'Verificación de Presencia de Piezas                                        '),
(1852, 68, 40, '2841', '1070', 'Magnetizado                             '),
(1853, 68, 40, '2841', '1080', '\"Giro y traslado Automático de Motor a Nuevo Carro transportador         \"'),
(1854, 68, 40, '2841', '1090', 'Engrasado de Coraza                  '),
(1855, 69, 40, '550', '1010', 'ALIMENTACION DE PAQUETE Y FLECHA '),
(1856, 69, 40, '28995', '1020', 'ENSAMBLE DE LAMINACION'),
(1857, 69, 40, '28995', '1030', 'IMPREGNADORA DE POLVO'),
(1858, 69, 40, '28995', '1040', 'ENSAMBLE DE COLECTOR'),
(1859, 69, 40, '30252', '1050', 'DEVANADO DE INDUCIDO'),
(1860, 69, 40, '29023', '1050', 'DEVANADO DE INDUCIDO'),
(1861, 69, 40, '29281', '1050', 'DEVANADO DE INDUCIDO'),
(1862, 69, 40, '29126', '1050', 'DEVANADO DE INDUCIDO'),
(1863, 69, 40, '29618', '1050', 'DEVANADO DE INDUCIDO'),
(1864, 69, 40, '29006', '1060', 'CONFORMADO DE ALAMBRE'),
(1865, 70, 40, '7079', '1005', 'Colocar Coraza en Banda Transportadora'),
(1866, 70, 40, '2840', '1010', 'Grabado de identificación y Fecha en Coraza                    '),
(1867, 70, 40, '5325', '1020', 'Colocación de coraza en Carro Transportador            '),
(1868, 70, 40, '1701 & 1702', '1030', 'Ensamble de Imanes y Muelles en coraza  '),
(1869, 70, 40, '7082', '1050', 'Ensamble de Arandela de Fricción                                  '),
(1870, 70, 40, '2841', '1060', 'Ensamble de Buje                     '),
(1871, 70, 40, '2841', '1065', 'Verificación de Presencia de Piezas                                        '),
(1872, 70, 40, '2841', '1070', 'Magnetizado                             '),
(1873, 70, 40, '2841', '1080', '\"Giro y traslado Automático de Motor a Nuevo Carro transportador         \"'),
(1874, 70, 40, '2841', '1090', 'Engrasado de Coraza                  '),
(1875, 71, 40, '550', '1010', 'ALIMENTACION DE PAQUETE Y FLECHA '),
(1876, 71, 40, '29279', '1020', 'ENSAMBLE DE LAMINACION'),
(1877, 71, 40, '29279', '1030', 'IMPREGNADORA DE POLVO'),
(1878, 71, 40, '29278', '1040', 'ENSAMBLE DE COLECTOR'),
(1879, 71, 40, '56654', '1050', 'DEVANADO DE INDUCIDO'),
(1880, 71, 40, '56529', '1050', 'DEVANADO DE INDUCIDO'),
(1881, 71, 40, '56530', '1050', 'DEVANADO DE INDUCIDO'),
(1882, 71, 40, '74356', '1050', 'DEVANADO DE INDUCIDO'),
(1883, 71, 40, '6525', '1060', 'CONFORMADO DE ALAMBRE'),
(1884, 71, 40, '56531', '1070', 'SOLDADO DE GANCHOS DE COLECTOR'),
(1885, 71, 40, '56531', '1070', 'SOLDADO DE GANCHOS DE COLECTOR'),
(1886, 71, 40, '6525', '1080', 'CONFORMADO DE ALAMBRE'),
(1887, 71, 40, '56534', '1100', 'TORNEADO DE COLECTOR'),
(1888, 71, 40, '56533', '1110', 'BALANCEO AUTOMATICO'),
(1889, 71, 40, 'MTM', '1115', 'BALANCEO MANUAL'),
(1890, 71, 40, '56535', '1120', 'BANCO DE PRUEBA ELECTRICA'),
(1891, 71, 40, 'MTM', '1130', 'INSPECCION VISUAL Y EMPAQUE'),
(1892, 72, 40, '3051', '1010', 'Colocación de Paquete de laminación en Máquina y alimentación de Flecha'),
(1893, 72, 40, '9970', '1020', 'Ensamble Automatico Flecha Paquete  '),
(1894, 72, 40, '9970', '1030', 'Impregnación de polvo Epóxico   '),
(1895, 72, 40, '9970', '1040', 'Ensamble de Colector en Flecha'),
(1896, 72, 40, '9963', '1050', 'Bobinado de Inducido'),
(1897, 72, 40, '9964', '1050', 'Bobinado de Inducido'),
(1898, 72, 40, '9965', '1050', 'Bobinado de Inducido'),
(1899, 72, 40, '9969', '1050', 'Bobinado de Inducido'),
(1900, 72, 40, '0021', '1050', 'Bobinado de Inducido'),
(1901, 72, 40, '9967', '1060', 'Conformado de alambres   '),
(1902, 72, 40, '0020', '1070', 'Soldado de ganchos del colector'),
(1903, 72, 40, '0943', '1080', ' Conformado de alambres       '),
(1904, 72, 40, '6535', '1080', ' Conformado de alambres       '),
(1905, 72, 40, '9968', '1080', ' Conformado de alambres       '),
(1906, 72, 40, '4184', '1080', ' Conformado de alambres       '),
(1907, 72, 40, '9969', '1100', 'Torneado y Cardado de Colector'),
(1908, 72, 40, '2600', '1110', 'Balanceo Automatico del Inducido'),
(1909, 72, 40, 'N/A', '1115', 'Balanceo Manual'),
(1910, 72, 40, '0030', '1120', ' Prueba Eléctrica del Inducido                            '),
(1911, 72, 40, '3052', '1130', ' Inspección Visual y Empaque'),
(1912, 73, 40, '10120011', '1010', 'Ensamble de pastilla y buje a coraza '),
(1913, 73, 40, '10120012', '1020', 'Ensamble de 2 imanes y 2 muelles en coraza'),
(1914, 73, 40, '10120000', '1030', 'Magnetizado'),
(1915, 73, 40, '10120001', '1031', 'Engrasado de coraza'),
(1916, 73, 40, '10120002', '1040', 'Inserción de inducido'),
(1917, 73, 40, '10120013', '1050', 'Ensamble de cono o anillo magnético'),
(1918, 73, 40, '10120014', '1059', 'Ensamble de chumacera y retén'),
(1919, 73, 40, '10120015', '1060', 'Ensamble de placa porta escobilla a coraza'),
(1920, 73, 40, '10120016', '1070', 'Colocación de sinfín y muescado de flecha'),
(1921, 73, 40, '10120017', '1080', 'Inserción de sinfín'),
(1922, 74, 40, '3967', '1005', 'Colocar Coraza en Banda Transportadora                                         '),
(1923, 74, 40, '3967', '1010', 'Grabado de identificación y Fecha en Coraza                  '),
(1924, 74, 40, '113', '1020', 'Colocación de coraza en Carro Transportador       '),
(1925, 74, 40, '3967', '1030', 'Ensamble de Imanes y Muelles en coraza y colocacion de coraza a carro tranposteadir  '),
(1926, 74, 40, '3968', '1040', 'Pre limpieza de coraza                                 '),
(1927, 74, 40, '3968', '1050', 'Ensamble de Arandela de Fricción                           '),
(1928, 74, 40, '3968', '1060', 'Ensamble de Buje   coraza                   '),
(1929, 74, 40, '3968', '1065', 'Verificación de Presencia de componentes                                '),
(1930, 74, 40, '3968', '1070', 'Magnetizado                           '),
(1931, 74, 40, '3968', '1080', 'Graslado de coraza a nuevo pallet'),
(1932, 75, 40, '772', '1010', '\"Colocación de Paquete de laminación en Máquina y alimentación de Flecha \"'),
(1933, 75, 40, '4182', '1020', 'Ensamble Automatico Flecha Paquete                       '),
(1934, 75, 40, '4182', '1030', 'Impregnación de polvo Epóxico                                '),
(1935, 75, 40, '4182', '1040', 'Ensamble de Colector en Flecha                     '),
(1936, 75, 40, '4198 99 200 201 202 ', '1050', 'Bobinado de Inducido'),
(1937, 75, 40, '4183', '1060', 'Conformado de alambres                        '),
(1938, 75, 40, '4185', '1070', 'Soldado de ganchos del colector'),
(1939, 75, 40, '4184', '1080', ' Conformado de alambres                       '),
(1940, 75, 40, '4187', '1100', 'Torneado y Cardado de Colector'),
(1941, 75, 40, '4188', '1110', 'Balanceo Automatico del Inducido'),
(1942, 75, 40, '4189', '1115', 'Balanceo Manual'),
(1943, 75, 40, '4186', '1120', ' Prueba Eléctrica del Inducido                            '),
(1944, 75, 40, '771', '1130', ' Inspección Visual y Empaque'),
(1945, 82, 40, '10066048', '1070', 'Apriete de tornillo de juego axial de inducido'),
(1946, 82, 40, '10066049', '1080', 'Ajuste de juego axial de inducido'),
(1947, 82, 40, '10066050', '1090-1', 'Verificación de juego axial. Curado de pegamento'),
(1948, 82, 40, '10066051', '1100', 'Engrasado de caja de engrane, ensamble de engrane, ensamble de tapa'),
(1949, 82, 40, '10066052', '1110', 'Ensamble tarjeta electrónica'),
(1950, 82, 40, '10115547', '1115', 'Ensamble de tapa'),
(1951, 82, 40, '10066053', '1120', 'Engrase y ensamble de piñon en flecha'),
(1952, 82, 40, '10066054', '1130', 'Prueba electrica, prueba de ruido e inspección visual'),
(1953, 82, 40, '10066055', '1140', 'Inspeccion Final y Empaque'),
(1954, 83, 40, '137036', '950', ' Muescado de flecha y colocacion de sin fin '),
(1955, 83, 40, '1137037', '960', ' Insercion de sinfin '),
(1956, 83, 40, '1137038', '970', ' Prueba de excentriidad '),
(1957, 83, 40, '1137039', '980', ' Ensamble de buje y caja de engrane '),
(1958, 83, 40, '1137040', '990', ' Ensamble de caja de engane a coraza '),
(1959, 83, 40, '1137041', '1000', ' atornillado de caja '),
(1960, 83, 40, '1129587', '1010/1020', ' Ensamble de arandela engrasado de bola y caja, ajuste de juego axial'),
(1961, 83, 40, '1129588', '1030', ' Ensamble de muelle y engrasado de engrane'),
(1962, 83, 40, '1129589', '1040', ' Atornillado de tapa '),
(1963, 83, 40, '1130882', '1042', ' Doblado y cerrado de bracket'),
(1964, 83, 40, '1130885', '1045', ' Colocacion de buje y tuerca plastica '),
(1965, 83, 40, '1129590', '1050', ' Prueba electrica y crimpado de clip '),
(1966, 83, 40, '1129591', '1060', ' Prueba subjetiva de ruido '),
(1967, 83, 40, '11394855', '1080', ' Atornillado de brazo de brazo a tuerca '),
(1968, 83, 40, '1134854', '1090', ' Crimpado de brazo '),
(1969, 83, 40, '1134853', '1100', ' engrasado de husillo inspeccion visual y empaque '),
(1970, 84, 40, '', '950', 'Muescado de flecha y colocacion de sinfin '),
(1971, 84, 40, '', '960', 'Insercion de sinfin '),
(1972, 84, 40, '', '970', 'Prueba de excentricidad '),
(1973, 84, 40, '', '980', 'Ensamble de buje en caja de engrane '),
(1974, 84, 40, '', '990', 'Ensamble de caja de angranes a coraza '),
(1975, 84, 40, '', '1000', 'Atornillado de caja '),
(1976, 84, 40, '', '1010/1020', 'Engrasado de bola y engrane, colocacion de arandela/ engrasado de caja de engranes y medicion de juego axial '),
(1977, 84, 40, '', '1030', 'Ensamble de muelle y engrasado de engrane '),
(1978, 84, 40, '', '1040', 'Cerrado de bracket '),
(1979, 84, 40, '', '1045', 'Atornillado de tapa'),
(1980, 84, 40, '', '1050', 'Ensamble de arandela y tuerca a husillo '),
(1981, 84, 40, '', '1060', 'Pruba electrica y crimpado de clip '),
(1982, 84, 40, '', '1070', 'Prueba subjetiva de ruido '),
(1983, 84, 40, '', '1070', 'Atornillado de brazo a tuerca'),
(1984, 84, 40, '', '1080', 'Crimpado de brazo '),
(1985, 84, 40, '', '1100', 'Engrasado de husillo insprccion visual y empaque'),
(1986, 87, 40, '101197743', '1010', 'Ensamble de buje plastico a caja de engrane        '),
(1987, 87, 40, '1132530', '1020', 'Atornillado de motor a caja de engrane'),
(1988, 87, 40, '1132529', '1030', 'Engrasado de caja de engrane'),
(1989, 87, 40, '1132534', '1040', 'Engrasado de engrane tapa y engrasado de tapa de engrane'),
(1990, 87, 40, '1132535', '1050', 'Ensmable de PCB'),
(1991, 87, 40, '1132532', '1060', 'Ensamble de tapa de PCB  y hot punching             '),
(1992, 87, 40, 'N/A', '1065', 'Ensable de goma y buje metalico    '),
(1993, 87, 40, '1132645', '1070', 'Performance y prueba de ruido.   '),
(1994, 87, 40, 'N/A', 'POUP', 'Proveedor de material a punto de uso'),
(1995, 90, 40, 'MTM 0772', '1010 ', 'Alimentacion de paquete y flecha'),
(1996, 90, 40, 'MA1134182', '1020', 'Ensamble de flecha a paquete'),
(1997, 90, 40, 'MA1134182', '1030 ', 'Impregnacion de polvo epoxico'),
(1998, 90, 40, 'MA1134182', '1040 ', 'Ensamble de colector'),
(1999, 90, 40, '', '1045', 'Descarga de subensamble'),
(2000, 91, 50, '-', '-', '-'),
(2001, 91, 40, 'MTM 0772', '1010 ', 'Alimentacion de paquete y flecha'),
(2002, 91, 40, 'MA1134182', '1020', 'Ensamble de flecha a paquete'),
(2003, 91, 40, 'MA1134182', '1030 ', 'Impregnacion de polvo epoxico'),
(2004, 91, 40, 'MA1134182', '1040 ', 'Ensamble de colector'),
(2005, 91, 40, '', '1045', 'Descarga de subensamble'),
(2006, 291, 40, '', '950', 'Muescado de flecha y colocacion de sinfin '),
(2007, 291, 40, '', '960', 'Insercion de sinfin '),
(2008, 291, 40, '', '970', 'Prueba de excentricidad '),
(2009, 291, 40, '', '980', 'Ensamble de buje en caja de engrane '),
(2010, 291, 40, '', '990', 'Ensamble de caja de angranes a coraza '),
(2011, 291, 40, '', '1000', 'Atornillado de caja '),
(2012, 291, 40, '', '1010/1020', 'Engrasado de bola y engrane, colocacion de arandela/ engrasado de caja de engranes y medicion de juego axial '),
(2013, 291, 40, '', '1030', 'Ensamble de muelle y engrasado de engrane '),
(2014, 291, 40, '', '1040', 'Cerrado de bracket '),
(2015, 291, 40, '', '1045', 'Atornillado de tapa'),
(2016, 291, 40, '', '1050', 'Ensamble de arandela y tuerca a husillo '),
(2017, 291, 40, '', '1060', 'Pruba electrica y crimpado de clip '),
(2018, 291, 40, '', '1070', 'Prueba subjetiva de ruido '),
(2019, 291, 40, '', '1070', 'Atornillado de brazo a tuerca'),
(2020, 291, 40, '', '1080', 'Crimpado de brazo '),
(2021, 291, 40, '', '1100', 'Engrasado de husillo insprccion visual y empaque'),
(2022, 213, 51, '-', '-', 'Caseta Tl-107\r\n'),
(2023, 214, 51, '-', '-', 'Caseta Tl-117\r\n'),
(2024, 215, 51, '-', '-', 'Estacionamiento Tl-117\r\n'),
(2025, 216, 51, '-', '-', 'Estacionamiento Tl-201\r\n'),
(2026, 217, 51, '-', '-', 'Escaleras\r\n'),
(2027, 218, 51, '-', '-', 'Pasillos Interiores\r\n'),
(2028, 219, 51, '-', '-', 'Pasillos Exteriores\r\n'),
(2029, 220, 51, '-', '-', 'Oficinas\r\n'),
(2030, 221, 51, '-', '-', 'Baños\r\n'),
(2031, 222, 51, '-', '-', 'Otros\r\n'),
(2032, 171, 53, '-', '-', 'Celda didáctica Tl-101'),
(2033, 173, 53, '-', '-', 'Taller Tl-106'),
(2034, 159, 54, '-', '-', 'LabTl-106'),
(2035, 160, 54, '-', '-', 'LabTl-118'),
(2036, 161, 54, '-', '-', 'LabTl-119'),
(2037, 163, 54, '-', '-', 'LabTl-120'),
(2038, 165, 54, '-', '-', 'Metrologia 119'),
(2039, 204, 55, '-', '-', 'Almacén de Residuos'),
(2040, 205, 56, '-', '-', 'Estación Bombera'),
(2041, 206, 55, '-', '-', 'Planta tratadora Tl-203'),
(2042, 211, 55, '-', '-', 'Baños tratadora'),
(2043, 208, 55, '-', '-', 'Purificadora'),
(2044, 209, 57, '-', '-', 'Salud Ocupacional'),
(2045, 178, 58, '-', '-', 'Taller TL-115\r\n'),
(2046, 179, 58, '-', '-', 'TallerTL-112\r\n'),
(2047, 180, 58, '-', '-', 'Escaleras'),
(2048, 181, 58, '-', '-', 'Pasillos Interiores\r\n'),
(2049, 182, 58, '-', '-', 'Pasillos Exteriores'),
(2050, 183, 58, '-', '-', 'Oficinas\r\n'),
(2051, 184, 58, '-', '-', 'Baños\r\n'),
(2052, 235, 59, '-', '-', 'Cabina antiexplosión\r\n'),
(2053, 236, 59, '-', '-', 'Taller de Muestras 106\r\n'),
(2054, 144, 60, '-', '-', 'Lab Tl-103\r\n'),
(2055, 145, 61, '-', '-', 'Lab Tl-109'),
(2056, 146, 63, '-', '-', 'Lab Tl-110'),
(2057, 148, 64, '-', '-', 'Lab Tl-106'),
(2058, 149, 60, '-', '-', 'Oficina Tl-103\r\n'),
(2059, 151, 63, '-', '-', 'Oficina Tl-110\r\n'),
(2060, 152, 115, '-', '-', 'Oficinas Tl-106'),
(2061, 147, 116, '-', '-', 'Muestras Tl-106'),
(2062, 156, 117, '-', '-', 'Fabricacion de bancos'),
(2063, 150, 118, '-', '-', 'Oficina Tl-109'),
(2064, 186, 119, '-', '-', 'Azoteas\r\n'),
(2065, 187, 119, '-', '-', 'Cuarto de Bombas\r\n'),
(2066, 188, 119, '-', '-', 'Cuartos de Máquinas\r\n'),
(2067, 189, 119, '-', '-', 'Mezanine Tl-119\r\n'),
(2068, 191, 119, '-', '-', 'Sala de Juntas.\r\n'),
(2069, 193, 119, '-', '-', 'SCRAP Tl-111'),
(2070, 194, 119, '-', '-', 'Sub Estación'),
(2071, 195, 119, '-', '-', 'Taller de Herrería Tl-111'),
(2072, 196, 119, '-', '-', 'Taller de Mtto Tl-111'),
(2073, 197, 119, '-', '-', 'Torres de Enfriamiento'),
(2074, 198, 119, '-', '-', 'Escaleras\r\n'),
(2075, 199, 119, '-', '-', 'Pasillos Interiores\r\n'),
(2076, 200, 119, '-', '-', 'Pasillos Exteriores\r\n'),
(2077, 201, 119, '-', '-', 'Oficinas TlP'),
(2078, 202, 119, '-', '-', 'Baños'),
(2079, 265, 120, '-', '-', 'Comedor Tl-103\r\n'),
(2080, 266, 121, '-', '-', 'Oficinas TGA Tl-101\r\n'),
(2081, 269, 121, '-', '-', 'Taller TGA Tl-101\r\n'),
(2082, 267, 120, '-', '-', 'Oficinas Tl-100\r\n'),
(2083, 275, 120, '-', '-', 'Otros');

-- --------------------------------------------------------

--
-- Table structure for table `tipo`
--

CREATE TABLE `tipo` (
  `idtipo` int(11) NOT NULL,
  `tipo` varchar(30) COLLATE utf8mb4_bin NOT NULL
) ENGINE=InnoDB DEFAULT CHARSET=utf8mb4 COLLATE=utf8mb4_bin;

--
-- Dumping data for table `tipo`
--

INSERT INTO `tipo` (`idtipo`, `tipo`) VALUES
(1, 'Accidente'),
(2, 'Incidente'),
(3, 'Enfermedad profesional');

-- --------------------------------------------------------

--
-- Table structure for table `usuarios`
--

CREATE TABLE `usuarios` (
  `idusuario` int(11) NOT NULL,
  `nombre` varchar(100) NOT NULL,
  `usuario` varchar(10) NOT NULL,
  `password` varchar(10) NOT NULL,
  `idpermiso` int(11) NOT NULL
) ENGINE=InnoDB DEFAULT CHARSET=latin1;

--
-- Dumping data for table `usuarios`
--

INSERT INTO `usuarios` (`idusuario`, `nombre`, `usuario`, `password`, `idpermiso`) VALUES
(2, 'Jose Carlos', '1', '1', 1),
(3, 'Recillas Barba Paulina', '3', '3', 2),
(4, 'Flores Hernandez Juan', '4', '4', 2),
(5, 'Rascon Velasco Jennifer', '5', '5', 2),
(6, 'Hernandez Palacios Carlos', '6', '6', 2),
(7, 'Campos Villagra Jazmin', '7', '7', 2),
(8, 'Cordova Cruz Oscar Ivan', '8', '8', 2),
(9, 'Rodriguez Huerta Gustavo Daniel', '9', '9', 2),
(10, 'Melara Jimenez Yulbran Antonio', '10', '10', 2),
(11, 'Espinoza Osorio Eduardo', '11', '11', 2),
(12, 'Sahin Deniz', '12', '12', 2),
(13, 'Ballesteros Argote Emilio', '13', '13', 2),
(14, 'Gomez Hernandez Gabriel\r\n', 'ggm2tl', 'ggm2tl', 2),
(15, 'Dionisio Rosas Paulina', '15', '15', 2),
(16, 'Fierro Limas Jesus', 'fij3tl', 'fij3tl', 2),
(17, 'Navarro Vilchis Beatriz', '17', '17', 2),
(18, 'Rosales Lopez Jesus Israe', '18', '18', 2),
(19, 'Salazar Leon Remedios', '19', '19', 2),
(20, 'Martinez Garcia Estefania', '20', '20', 2),
(21, 'Fabila Sanchez Rosalio Francisco', '21', '21', 2),
(22, 'Ibarra Rangel Ernesto Jaziel', '22', '22', 2),
(23, 'Nava Lopez Luis Antonio', '23', '23', 2),
(25, 'Mendez Otero Arturo', '25', '25', 2),
(26, 'Estrada Plata Lorena', 'ESL1TL', 'ESL1TL', 2),
(27, 'Ruiz Santiago Carlos Alberto', 'RUC1TL', 'RUC1TL', 2),
(28, 'Ruiz Tavera Fernando Jose', 'RUF3TL', 'RUF3TL', 2),
(29, 'Vazquez Flores Miriam Roxana', 'VAZ3TL', 'VAZ3TL', 2),
(30, 'Ortiz Rodolfo', 'ORR3TL\r\n', 'ORR3TL\r\n', 2),
(31, 'Estrada Alejandro', 'EJT1TL\r\n', 'EJT1TL\r\n', 2),
(32, 'Campuzano Sanchez Agustin', 'CGA1TL\r\n', 'CGA1TL\r\n', 2),
(33, 'Carrillo Aguirre Gilberto', '33', '33', 2),
(34, 'VENEGAS CADENA DIEGO TONATIUH', '34', '34', 2),
(35, 'Tirzo Martinez Jorge Armando', '35', '35', 2),
(36, 'Ocampo Gomez Abraham Jesus', 'oca2tl', 'oca2tl', 2),
(37, 'Mireles Fernando ', 'Mif2tl', 'Mif2tl', 2),
(38, 'Hernández Rodrigo ', 'Her5tl', 'Her5tl', 2),
(39, 'Mejía Ana', 'mni1tl', 'mni1tl', 2),
(40, 'Carbajal Armando\r\n', 'CRR1tl', 'CRR1tl', 2),
(41, 'Valdez Hernandez Omar Alfredo \r\n', 'Vao4tl', 'Vao4tl', 2),
(42, 'Chicotti Geisa Juliana', 'CHG3CA', 'CHG3CA', 2),
(43, 'Guerrero Salazar Daniela\r\n', 'GDA7TL', 'GDA7TL', 2),
(44, 'Maldonado Claudia', 'MSA2tl', 'MSA2tl', 2),
(45, 'Sanchez Noel \r\n', 'sao3tl', 'sao3tl', 2),
(46, 'Burgos Jorge \r\n', 'bur1tl', 'bur1tl', 2),
(47, 'Valdovinos Luis', 'val1mx', 'val1mx', 2),
(48, 'Medrano Samuel ', 'mes3tl', 'mes3tl', 2),
(49, 'Garcia Jerico', 'GEC2tl', 'GEC2tl', 2),
(50, 'Figueroa Lizbeth ', 'FIK1tl', 'FIK1tl', 2),
(51, 'Garcia  Angel\r\n', 'gca5tl', 'gca5tl', 2),
(52, 'Chavez Nava Abraham\r\n', 'CHA2TL', 'CHA2TL', 2),
(53, 'Legorreta Garcia Jose Guadalupe\r\n', 'Lag9tl', 'Lag9tl', 2),
(54, 'Serrano Arias Nereo', 'SEN4TL', 'SEN4TL', 2),
(55, 'Silva Roberto \r\n', 'sir1tl', 'sir1tl', 2),
(56, 'Arguelles Gabriel \r\n', 'arg6tl', 'arg6tl', 2),
(57, 'Dra. Silvia', 'msi1tl', 'msi1tl', 2),
(58, 'Nava Bolanos Oscar\r\n', 'NAO3TL', 'NAO3TL', 2),
(59, 'De Leon Almaraz Ana Maria \r\n', 'DEA2tl', 'DEA2tl', 2),
(60, 'Novia Albarran Patricia\r\n', 'NAP3TL', 'NAP3TL', 2),
(61, 'Pedraza Hernandez Eduardo\r\n', 'PEE2TL', 'PEE2TL', 2),
(62, 'Tahuilan Serrano Rafael \r\n', 'TAH2TL', 'TAH2TL', 2),
(63, 'Albarran De La Rosa Jose Raul \r\n', 'ALO6TL', 'ALO6TL', 2),
(64, 'Gonzalez Nestor', 'GON7TL', 'GON7TL', 2),
(115, 'Llerandi Nava Maria Fernanda \r\n', 'LMF1TL', 'LMF1TL', 2),
(116, 'Mejia Serrano David\r\n', 'MED2TL', 'MED2TL', 2),
(117, 'Castaneda Gaspar Luis Alberto', 'CAL2TL', 'CAL2TL', 2),
(118, 'Ocampo Sanchez Emmanuel\r\n', 'OCE4TL', 'OCE4TL', 2),
(119, 'Pichardo Mendoza Erik\r\n', 'PIE3TL', 'PIE3TL', 2),
(120, 'Mondragon Miranda Jaime Arturo\r\n', 'MNJ7TL', 'MNJ7TL', 2),
(121, 'Ruiz Ruiz Edwin Jasiel\r\n', 'Rue5tl', 'Rue5tl', 2);

--
-- Indexes for dumped tables
--

--
-- Indexes for table `accidente`
--
ALTER TABLE `accidente`
  ADD PRIMARY KEY (`idaccidente`),
  ADD KEY `idlinea` (`idlinea`),
  ADD KEY `idlesion` (`idlesion`),
  ADD KEY `idprincipio` (`idprincipio`),
  ADD KEY `idtipo` (`idtipo`);

--
-- Indexes for table `area`
--
ALTER TABLE `area`
  ADD PRIMARY KEY (`idarea`),
  ADD UNIQUE KEY `fechav` (`idarea`);

--
-- Indexes for table `evaluacion`
--
ALTER TABLE `evaluacion`
  ADD PRIMARY KEY (`idevaluacion`),
  ADD KEY `idaccidente` (`idaccidente`),
  ADD KEY `idsam` (`idsam`);

--
-- Indexes for table `lesiones`
--
ALTER TABLE `lesiones`
  ADD PRIMARY KEY (`idlesiones`);

--
-- Indexes for table `linea`
--
ALTER TABLE `linea`
  ADD PRIMARY KEY (`idlinea`),
  ADD KEY `idarea` (`idarea`);

--
-- Indexes for table `permisos`
--
ALTER TABLE `permisos`
  ADD PRIMARY KEY (`idpermiso`);

--
-- Indexes for table `principio`
--
ALTER TABLE `principio`
  ADD PRIMARY KEY (`idprincipio`);

--
-- Indexes for table `raiz`
--
ALTER TABLE `raiz`
  ADD PRIMARY KEY (`idraiz`);

--
-- Indexes for table `registro_sam`
--
ALTER TABLE `registro_sam`
  ADD PRIMARY KEY (`idregsam`),
  ADD KEY `registro_sam_ibfk_1` (`idlinea`),
  ADD KEY `idaccidente` (`idaccidente`);

--
-- Indexes for table `sam`
--
ALTER TABLE `sam`
  ADD PRIMARY KEY (`idsam`),
  ADD KEY `idlinea` (`idlinea`),
  ADD KEY `idusuario` (`idusuario`);

--
-- Indexes for table `tipo`
--
ALTER TABLE `tipo`
  ADD PRIMARY KEY (`idtipo`);

--
-- Indexes for table `usuarios`
--
ALTER TABLE `usuarios`
  ADD PRIMARY KEY (`idusuario`),
  ADD UNIQUE KEY `usuario` (`usuario`),
  ADD KEY `idpermiso` (`idpermiso`);

--
-- AUTO_INCREMENT for dumped tables
--

--
-- AUTO_INCREMENT for table `accidente`
--
ALTER TABLE `accidente`
  MODIFY `idaccidente` int(11) NOT NULL AUTO_INCREMENT, AUTO_INCREMENT=82;
--
-- AUTO_INCREMENT for table `area`
--
ALTER TABLE `area`
  MODIFY `idarea` int(11) NOT NULL AUTO_INCREMENT, AUTO_INCREMENT=23;
--
-- AUTO_INCREMENT for table `evaluacion`
--
ALTER TABLE `evaluacion`
  MODIFY `idevaluacion` int(11) NOT NULL AUTO_INCREMENT, AUTO_INCREMENT=710;
--
-- AUTO_INCREMENT for table `lesiones`
--
ALTER TABLE `lesiones`
  MODIFY `idlesiones` int(11) NOT NULL AUTO_INCREMENT, AUTO_INCREMENT=23;
--
-- AUTO_INCREMENT for table `linea`
--
ALTER TABLE `linea`
  MODIFY `idlinea` int(11) NOT NULL AUTO_INCREMENT, AUTO_INCREMENT=294;
--
-- AUTO_INCREMENT for table `permisos`
--
ALTER TABLE `permisos`
  MODIFY `idpermiso` int(11) NOT NULL AUTO_INCREMENT, AUTO_INCREMENT=3;
--
-- AUTO_INCREMENT for table `principio`
--
ALTER TABLE `principio`
  MODIFY `idprincipio` int(11) NOT NULL AUTO_INCREMENT, AUTO_INCREMENT=10;
--
-- AUTO_INCREMENT for table `raiz`
--
ALTER TABLE `raiz`
  MODIFY `idraiz` int(11) NOT NULL AUTO_INCREMENT, AUTO_INCREMENT=4;
--
-- AUTO_INCREMENT for table `registro_sam`
--
ALTER TABLE `registro_sam`
  MODIFY `idregsam` int(11) NOT NULL AUTO_INCREMENT, AUTO_INCREMENT=253;
--
-- AUTO_INCREMENT for table `sam`
--
ALTER TABLE `sam`
  MODIFY `idsam` int(11) NOT NULL AUTO_INCREMENT, AUTO_INCREMENT=2084;
--
-- AUTO_INCREMENT for table `tipo`
--
ALTER TABLE `tipo`
  MODIFY `idtipo` int(11) NOT NULL AUTO_INCREMENT, AUTO_INCREMENT=4;
--
-- AUTO_INCREMENT for table `usuarios`
--
ALTER TABLE `usuarios`
  MODIFY `idusuario` int(11) NOT NULL AUTO_INCREMENT, AUTO_INCREMENT=123;
--
-- Constraints for dumped tables
--

--
-- Constraints for table `accidente`
--
ALTER TABLE `accidente`
  ADD CONSTRAINT `accidente_ibfk_1` FOREIGN KEY (`idlinea`) REFERENCES `linea` (`idlinea`),
  ADD CONSTRAINT `accidente_ibfk_2` FOREIGN KEY (`idlesion`) REFERENCES `lesiones` (`idlesiones`),
  ADD CONSTRAINT `accidente_ibfk_3` FOREIGN KEY (`idprincipio`) REFERENCES `principio` (`idprincipio`),
  ADD CONSTRAINT `accidente_ibfk_4` FOREIGN KEY (`idtipo`) REFERENCES `tipo` (`idtipo`);

--
-- Constraints for table `evaluacion`
--
ALTER TABLE `evaluacion`
  ADD CONSTRAINT `evaluacion_ibfk_1` FOREIGN KEY (`idaccidente`) REFERENCES `accidente` (`idaccidente`),
  ADD CONSTRAINT `evaluacion_ibfk_2` FOREIGN KEY (`idsam`) REFERENCES `sam` (`idsam`);

--
-- Constraints for table `linea`
--
ALTER TABLE `linea`
  ADD CONSTRAINT `linea_ibfk_1` FOREIGN KEY (`idarea`) REFERENCES `area` (`idarea`);

--
-- Constraints for table `registro_sam`
--
ALTER TABLE `registro_sam`
  ADD CONSTRAINT `registro_sam_ibfk_1` FOREIGN KEY (`idlinea`) REFERENCES `linea` (`idlinea`),
  ADD CONSTRAINT `registro_sam_ibfk_2` FOREIGN KEY (`idaccidente`) REFERENCES `accidente` (`idaccidente`);

--
-- Constraints for table `sam`
--
ALTER TABLE `sam`
  ADD CONSTRAINT `sam_ibfk_1` FOREIGN KEY (`idlinea`) REFERENCES `linea` (`idlinea`),
  ADD CONSTRAINT `sam_ibfk_2` FOREIGN KEY (`idusuario`) REFERENCES `usuarios` (`idusuario`);

--
-- Constraints for table `usuarios`
--
ALTER TABLE `usuarios`
  ADD CONSTRAINT `usuarios_ibfk_1` FOREIGN KEY (`idpermiso`) REFERENCES `permisos` (`idpermiso`);
COMMIT;

/*!40101 SET CHARACTER_SET_CLIENT=@OLD_CHARACTER_SET_CLIENT */;
/*!40101 SET CHARACTER_SET_RESULTS=@OLD_CHARACTER_SET_RESULTS */;
/*!40101 SET COLLATION_CONNECTION=@OLD_COLLATION_CONNECTION */;
